site_id,capture_id,image_path,lon,lat,source,licence
201311_113.8327226_22.588928800000005.png,201311_113.8327226_22.588928800000005.png,../../../dataset/201311_113.8327226_22.588928800000005.png,113.8327226,22.588928800000005,Ma and Kwan (2026) local author image export,restricted-local; raw image not redistributed
201311_113.83766518162263_22.641416403895732.png,201311_113.83766518162263_22.641416403895732.png,../../../dataset/201311_113.83766518162264_22.64141640389573.png,113.83766518162263,22.641416403895732,Ma and Kwan (2026) local author image export,restricted-local; raw image not redistributed
201311_113.87865392033376_22.61317748414232.png,201311_113.87865392033376_22.61317748414232.png,../../../dataset/201311_113.87865392033376_22.61317748414232.png,113.87865392033376,22.61317748414232,Ma and Kwan (2026) local author image export,restricted-local; raw image not redistributed
201311_113.882861_22.6128348.png,201311_113.882861_22.6128348.png,../../../dataset/201311_113.882861_22.6128348.png,113.882861,22.6128348,Ma and Kwan (2026) local author image export,restricted-local; raw image not redistributed
201311_113.9022082_22.590201799999996.png,201311_113.9022082_22.590201799999996.png,../../../dataset/201311_113.9022082_22.5902018.png,113.9022082,22.590201799999996,Ma and Kwan (2026) local author image export,restricted-local; raw image not redistributed
201311_113.97215286575438_22.599851368800312.png,201311_113.97215286575438_22.599851368800312.png,../../../dataset/201311_113.97215286575438_22.599851368800312.png,113.97215286575438,22.599851368800312,Ma and Kwan (2026) local author image export,restricted-local; raw image not redistributed
201311_113.9824091_22.594394199999996.png,201311_113.9824091_22.594394199999996.png,../../../dataset/201311_113.9824091_22.5943942.png,113.9824091,22.594394199999996,Ma and Kwan (2026) local author image export,restricted-local; raw image not redistributed
201311_114.0367137_22.625328199999995.png,201311_114.0367137_22.625328199999995.png,../../../dataset/201311_114.0367137_22.625328199999995.png,114.0367137,22.625328199999995,Ma and Kwan (2026) local author image export,restricted-local; raw image not redistributed
201311_114.07813510000001_22.5592236.png,201311_114.07813510000001_22.5592236.png,../../../dataset/201311_114.0781351_22.5592236.png,114.07813510000001,22.5592236,Ma and Kwan (2026) local author image export,restricted-local; raw image not redistributed
201311_114.1331646_22.6036264.png,201311_114.1331646_22.6036264.png,../../../dataset/201311_114.1331646_22.6036264.png,114.1331646,22.6036264,Ma and Kwan (2026) local author image export,restricted-local; raw image not redistributed
201311_114.158799_22.6090681.png,201311_114.158799_22.6090681.png,../../../dataset/201311_114.158799_22.6090681.png,114.158799,22.6090681,Ma and Kwan (2026) local author image export,restricted-local; raw image not redistributed
201311_114.16919617982792_22.62714279983004.png,201311_114.16919617982792_22.62714279983004.png,../../../dataset/201311_114.16919617982792_22.62714279983004.png,114.16919617982792,22.62714279983004,Ma and Kwan (2026) local author image export,restricted-local; raw image not redistributed
201311_114.1708255_22.6072058.png,201311_114.1708255_22.6072058.png,../../../dataset/201311_114.1708255_22.6072058.png,114.1708255,22.6072058,Ma and Kwan (2026) local author image export,restricted-local; raw image not redistributed
201311_114.1832046_22.5984266.png,201311_114.1832046_22.5984266.png,../../../dataset/201311_114.1832046_22.5984266.png,114.1832046,22.5984266,Ma and Kwan (2026) local author image export,restricted-local; raw image not redistributed
201312_113.8235017_22.698809100000002.png,201312_113.8235017_22.698809100000002.png,../../../dataset/201312_113.8235017_22.6988091.png,113.8235017,22.698809100000002,Ma and Kwan (2026) local author image export,restricted-local; raw image not redistributed
201312_113.83443584337306_22.74126975401547.png,201312_113.83443584337306_22.74126975401547.png,../../../dataset/201312_113.83443584337306_22.74126975401547.png,113.83443584337306,22.74126975401547,Ma and Kwan (2026) local author image export,restricted-local; raw image not redistributed
201312_113.8374755_22.647390599999994.png,201312_113.8374755_22.647390599999994.png,../../../dataset/201312_113.8374755_22.647390599999994.png,113.8374755,22.647390599999994,Ma and Kwan (2026) local author image export,restricted-local; raw image not redistributed
201312_113.85777283738314_22.642709229323334.png,201312_113.85777283738314_22.642709229323334.png,../../../dataset/201312_113.85777283738314_22.642709229323334.png,113.85777283738314,22.642709229323334,Ma and Kwan (2026) local author image export,restricted-local; raw image not redistributed
201312_113.876258209507_22.67064777876147.png,201312_113.876258209507_22.67064777876147.png,../../../dataset/201312_113.876258209507_22.67064777876147.png,113.876258209507,22.67064777876147,Ma and Kwan (2026) local author image export,restricted-local; raw image not redistributed
201312_113.8844253_22.668941099999998.png,201312_113.8844253_22.668941099999998.png,../../../dataset/201312_113.8844253_22.6689411.png,113.8844253,22.668941099999998,Ma and Kwan (2026) local author image export,restricted-local; raw image not redistributed
201312_113.89281280000002_22.556411099999995.png,201312_113.89281280000002_22.556411099999995.png,../../../dataset/201312_113.89281280000002_22.556411099999995.png,113.89281280000002,22.556411099999995,Ma and Kwan (2026) local author image export,restricted-local; raw image not redistributed
201312_113.9201526_22.757344299999996.png,201312_113.9201526_22.757344299999996.png,../../../dataset/201312_113.9201526_22.7573443.png,113.9201526,22.757344299999996,Ma and Kwan (2026) local author image export,restricted-local; raw image not redistributed
201312_113.9429058_22.681555399999997.png,201312_113.9429058_22.681555399999997.png,../../../dataset/201312_113.9429058_22.6815554.png,113.9429058,22.681555399999997,Ma and Kwan (2026) local author image export,restricted-local; raw image not redistributed
201312_113.9569087_22.710923500000003.png,201312_113.9569087_22.710923500000003.png,../../../dataset/201312_113.9569087_22.710923500000003.png,113.9569087,22.710923500000003,Ma and Kwan (2026) local author image export,restricted-local; raw image not redistributed
201312_113.96037321245348_22.71031364112373.png,201312_113.96037321245348_22.71031364112373.png,../../../dataset/201312_113.96037321245348_22.71031364112373.png,113.96037321245348,22.71031364112373,Ma and Kwan (2026) local author image export,restricted-local; raw image not redistributed
201312_113.9663157_22.5911024.png,201312_113.9663157_22.5911024.png,../../../dataset/201312_113.9663157_22.5911024.png,113.9663157,22.5911024,Ma and Kwan (2026) local author image export,restricted-local; raw image not redistributed
201312_114.02460795663488_22.690583366445924.png,201312_114.02460795663488_22.690583366445924.png,../../../dataset/201312_114.02460795663488_22.690583366445924.png,114.02460795663488,22.690583366445924,Ma and Kwan (2026) local author image export,restricted-local; raw image not redistributed
201312_114.1465315_22.64902.png,201312_114.1465315_22.64902.png,../../../dataset/201312_114.1465315_22.64902.png,114.1465315,22.64902,Ma and Kwan (2026) local author image export,restricted-local; raw image not redistributed
201312_114.15496564402403_22.68774104495292.png,201312_114.15496564402403_22.68774104495292.png,../../../dataset/201312_114.15496564402405_22.68774104495292.png,114.15496564402403,22.68774104495292,Ma and Kwan (2026) local author image export,restricted-local; raw image not redistributed
201312_114.1675356_22.644914899999993.png,201312_114.1675356_22.644914899999993.png,../../../dataset/201312_114.1675356_22.6449149.png,114.1675356,22.644914899999993,Ma and Kwan (2026) local author image export,restricted-local; raw image not redistributed
201312_114.18655560000002_22.637104.png,201312_114.18655560000002_22.637104.png,../../../dataset/201312_114.18655560000002_22.637104.png,114.18655560000002,22.637104,Ma and Kwan (2026) local author image export,restricted-local; raw image not redistributed
201312_114.19316369793675_22.635618175979587.png,201312_114.19316369793675_22.635618175979587.png,../../../dataset/201312_114.19316369793675_22.635618175979587.png,114.19316369793675,22.635618175979587,Ma and Kwan (2026) local author image export,restricted-local; raw image not redistributed
201312_114.1943834_22.631455699999997.png,201312_114.1943834_22.631455699999997.png,../../../dataset/201312_114.1943834_22.6314557.png,114.1943834,22.631455699999997,Ma and Kwan (2026) local author image export,restricted-local; raw image not redistributed
201312_114.2010636_22.665965500000006.png,201312_114.2010636_22.665965500000006.png,../../../dataset/201312_114.2010636_22.66596550000001.png,114.2010636,22.665965500000006,Ma and Kwan (2026) local author image export,restricted-local; raw image not redistributed
201312_114.2148053_22.727966299999995.png,201312_114.2148053_22.727966299999995.png,../../../dataset/201312_114.2148053_22.727966299999995.png,114.2148053,22.727966299999995,Ma and Kwan (2026) local author image export,restricted-local; raw image not redistributed
201312_114.2280303_22.6858936.png,201312_114.2280303_22.6858936.png,../../../dataset/201312_114.2280303_22.6858936.png,114.2280303,22.6858936,Ma and Kwan (2026) local author image export,restricted-local; raw image not redistributed
201312_114.2380314_22.670535799999996.png,201312_114.2380314_22.670535799999996.png,../../../dataset/201312_114.2380314_22.6705358.png,114.2380314,22.670535799999996,Ma and Kwan (2026) local author image export,restricted-local; raw image not redistributed
201312_114.26495182895304_22.709595012731427.png,201312_114.26495182895304_22.709595012731427.png,../../../dataset/201312_114.26495182895304_22.709595012731427.png,114.26495182895304,22.709595012731427,Ma and Kwan (2026) local author image export,restricted-local; raw image not redistributed
201312_114.2829641_22.722505.png,201312_114.2829641_22.722505.png,../../../dataset/201312_114.2829641_22.722505.png,114.2829641,22.722505,Ma and Kwan (2026) local author image export,restricted-local; raw image not redistributed
201312_114.297774_22.668009000000005.png,201312_114.297774_22.668009000000005.png,../../../dataset/201312_114.297774_22.668009000000005.png,114.297774,22.668009000000005,Ma and Kwan (2026) local author image export,restricted-local; raw image not redistributed
201312_114.3024738_22.713602799999997.png,201312_114.3024738_22.713602799999997.png,../../../dataset/201312_114.3024738_22.7136028.png,114.3024738,22.713602799999997,Ma and Kwan (2026) local author image export,restricted-local; raw image not redistributed
201312_114.3081115_22.7803939.png,201312_114.3081115_22.7803939.png,../../../dataset/201312_114.3081115_22.7803939.png,114.3081115,22.7803939,Ma and Kwan (2026) local author image export,restricted-local; raw image not redistributed
201312_114.30882777640898_22.732776127722143.png,201312_114.30882777640898_22.732776127722143.png,../../../dataset/201312_114.30882777640898_22.732776127722143.png,114.30882777640898,22.732776127722143,Ma and Kwan (2026) local author image export,restricted-local; raw image not redistributed
201312_114.3115919864939_22.782113155236605.png,201312_114.3115919864939_22.782113155236605.png,../../../dataset/201312_114.3115919864939_22.782113155236605.png,114.3115919864939,22.782113155236605,Ma and Kwan (2026) local author image export,restricted-local; raw image not redistributed
201312_114.31522844727854_22.755518967676593.png,201312_114.31522844727854_22.755518967676593.png,../../../dataset/201312_114.31522844727854_22.7555189676766.png,114.31522844727854,22.755518967676593,Ma and Kwan (2026) local author image export,restricted-local; raw image not redistributed
201312_114.32047496065323_22.79014665066662.png,201312_114.32047496065323_22.79014665066662.png,../../../dataset/201312_114.32047496065324_22.79014665066662.png,114.32047496065323,22.79014665066662,Ma and Kwan (2026) local author image export,restricted-local; raw image not redistributed
201312_114.3210375_22.764714699999995.png,201312_114.3210375_22.764714699999995.png,../../../dataset/201312_114.3210375_22.764714699999995.png,114.3210375,22.764714699999995,Ma and Kwan (2026) local author image export,restricted-local; raw image not redistributed
201312_114.3589352_22.74361039999999.png,201312_114.3589352_22.74361039999999.png,../../../dataset/201312_114.3589352_22.74361039999999.png,114.3589352,22.74361039999999,Ma and Kwan (2026) local author image export,restricted-local; raw image not redistributed
201312_114.36616_22.6108985.png,201312_114.36616_22.6108985.png,../../../dataset/201312_114.36616_22.6108985.png,114.36616,22.6108985,Ma and Kwan (2026) local author image export,restricted-local; raw image not redistributed
201312_114.3839314_22.616090400000004.png,201312_114.3839314_22.616090400000004.png,../../../dataset/201312_114.3839314_22.616090400000004.png,114.3839314,22.616090400000004,Ma and Kwan (2026) local author image export,restricted-local; raw image not redistributed
201312_114.4100365_22.6964255.png,201312_114.4100365_22.6964255.png,../../../dataset/201312_114.4100365_22.6964255.png,114.4100365,22.6964255,Ma and Kwan (2026) local author image export,restricted-local; raw image not redistributed
201312_114.4226865_22.63003519999999.png,201312_114.4226865_22.63003519999999.png,../../../dataset/201312_114.4226865_22.63003519999999.png,114.4226865,22.63003519999999,Ma and Kwan (2026) local author image export,restricted-local; raw image not redistributed
201312_114.44753853438388_22.59878176472855.png,201312_114.44753853438388_22.59878176472855.png,../../../dataset/201312_114.44753853438388_22.59878176472855.png,114.44753853438388,22.59878176472855,Ma and Kwan (2026) local author image export,restricted-local; raw image not redistributed
201312_114.4766241_22.591292899999996.png,201312_114.4766241_22.591292899999996.png,../../../dataset/201312_114.4766241_22.5912929.png,114.4766241,22.591292899999996,Ma and Kwan (2026) local author image export,restricted-local; raw image not redistributed
201312_114.47875850000001_22.553592399999996.png,201312_114.47875850000001_22.553592399999996.png,../../../dataset/201312_114.4787585_22.5535924.png,114.47875850000001,22.553592399999996,Ma and Kwan (2026) local author image export,restricted-local; raw image not redistributed
201312_114.4840805_22.53794989999999.png,201312_114.4840805_22.53794989999999.png,../../../dataset/201312_114.4840805_22.53794989999999.png,114.4840805,22.53794989999999,Ma and Kwan (2026) local author image export,restricted-local; raw image not redistributed
201312_114.4932418459449_22.59812495946907.png,201312_114.4932418459449_22.59812495946907.png,../../../dataset/201312_114.4932418459449_22.59812495946907.png,114.4932418459449,22.59812495946907,Ma and Kwan (2026) local author image export,restricted-local; raw image not redistributed
201402_114.2354072444943_22.717375951530183.png,201402_114.2354072444943_22.717375951530183.png,../../../dataset/201402_114.2354072444943_22.717375951530183.png,114.2354072444943,22.717375951530183,Ma and Kwan (2026) local author image export,restricted-local; raw image not redistributed
201402_114.30325706315772_22.703626619142224.png,201402_114.30325706315772_22.703626619142224.png,../../../dataset/201402_114.30325706315772_22.703626619142224.png,114.30325706315772,22.703626619142224,Ma and Kwan (2026) local author image export,restricted-local; raw image not redistributed
201402_114.31282391584024_22.716085470930057.png,201402_114.31282391584024_22.716085470930057.png,../../../dataset/201402_114.31282391584024_22.716085470930057.png,114.31282391584024,22.716085470930057,Ma and Kwan (2026) local author image export,restricted-local; raw image not redistributed
201402_114.3897088_22.742227699999997.png,201402_114.3897088_22.742227699999997.png,../../../dataset/201402_114.3897088_22.7422277.png,114.3897088,22.742227699999997,Ma and Kwan (2026) local author image export,restricted-local; raw image not redistributed
201402_114.410324_22.6407317.png,201402_114.410324_22.6407317.png,../../../dataset/201402_114.410324_22.6407317.png,114.410324,22.6407317,Ma and Kwan (2026) local author image export,restricted-local; raw image not redistributed
201403_114.02884416138046_22.76146747143481.png,201403_114.02884416138046_22.76146747143481.png,../../../dataset/201403_114.02884416138046_22.76146747143481.png,114.02884416138046,22.76146747143481,Ma and Kwan (2026) local author image export,restricted-local; raw image not redistributed
201403_114.291943_22.670415299999995.png,201403_114.291943_22.670415299999995.png,../../../dataset/201403_114.291943_22.670415299999995.png,114.291943,22.670415299999995,Ma and Kwan (2026) local author image export,restricted-local; raw image not redistributed
201404_113.88194917077641_22.8155861177406.png,201404_113.88194917077641_22.8155861177406.png,../../../dataset/201404_113.8819491707764_22.8155861177406.png,113.88194917077641,22.8155861177406,Ma and Kwan (2026) local author image export,restricted-local; raw image not redistributed
201404_113.8891361_22.658751799999997.png,201404_113.8891361_22.658751799999997.png,../../../dataset/201404_113.8891361_22.6587518.png,113.8891361,22.658751799999997,Ma and Kwan (2026) local author image export,restricted-local; raw image not redistributed
201404_113.9381102174492_22.67214804135569.png,201404_113.9381102174492_22.67214804135569.png,../../../dataset/201404_113.9381102174492_22.67214804135569.png,113.9381102174492,22.67214804135569,Ma and Kwan (2026) local author image export,restricted-local; raw image not redistributed
201408_113.9440293_22.7980389.png,201408_113.9440293_22.7980389.png,../../../dataset/201408_113.9440293_22.7980389.png,113.9440293,22.7980389,Ma and Kwan (2026) local author image export,restricted-local; raw image not redistributed
201410_114.39313294679685_22.740476520102636.png,201410_114.39313294679685_22.740476520102636.png,../../../dataset/201410_114.39313294679684_22.74047652010264.png,114.39313294679685,22.740476520102636,Ma and Kwan (2026) local author image export,restricted-local; raw image not redistributed
201410_114.401642_22.760514199999992.png,201410_114.401642_22.760514199999992.png,../../../dataset/201410_114.401642_22.760514199999992.png,114.401642,22.760514199999992,Ma and Kwan (2026) local author image export,restricted-local; raw image not redistributed
201509_113.8842395_22.5070012.png,201509_113.8842395_22.5070012.png,../../../dataset/201509_113.8842395_22.5070012.png,113.8842395,22.5070012,Ma and Kwan (2026) local author image export,restricted-local; raw image not redistributed
201510_113.9132915_22.4939517.png,201510_113.9132915_22.4939517.png,../../../dataset/201510_113.9132915_22.4939517.png,113.9132915,22.4939517,Ma and Kwan (2026) local author image export,restricted-local; raw image not redistributed
201510_114.12311478463587_22.540428499015647.png,201510_114.12311478463587_22.540428499015647.png,../../../dataset/201510_114.12311478463587_22.540428499015647.png,114.12311478463587,22.540428499015647,Ma and Kwan (2026) local author image export,restricted-local; raw image not redistributed
201510_114.141854_22.6526184.png,201510_114.141854_22.6526184.png,../../../dataset/201510_114.141854_22.6526184.png,114.141854,22.6526184,Ma and Kwan (2026) local author image export,restricted-local; raw image not redistributed
201510_114.1548433_22.612801099999995.png,201510_114.1548433_22.612801099999995.png,../../../dataset/201510_114.1548433_22.612801099999995.png,114.1548433,22.612801099999995,Ma and Kwan (2026) local author image export,restricted-local; raw image not redistributed
201511_113.78989593872954_22.626797290819933.png,201511_113.78989593872954_22.626797290819933.png,../../../dataset/201511_113.78989593872954_22.626797290819933.png,113.78989593872954,22.626797290819933,Ma and Kwan (2026) local author image export,restricted-local; raw image not redistributed
201511_113.8926971_22.590370800000002.png,201511_113.8926971_22.590370800000002.png,../../../dataset/201511_113.8926971_22.5903708.png,113.8926971,22.590370800000002,Ma and Kwan (2026) local author image export,restricted-local; raw image not redistributed
201601_113.8745102_22.5675937.png,201601_113.8745102_22.5675937.png,../../../dataset/201601_113.8745102_22.5675937.png,113.8745102,22.5675937,Ma and Kwan (2026) local author image export,restricted-local; raw image not redistributed
201601_113.91355756883638_22.578036885096644.png,201601_113.91355756883638_22.578036885096644.png,../../../dataset/201601_113.91355756883638_22.578036885096644.png,113.91355756883638,22.578036885096644,Ma and Kwan (2026) local author image export,restricted-local; raw image not redistributed
201601_113.9205707480704_22.555670959071687.png,201601_113.9205707480704_22.555670959071687.png,../../../dataset/201601_113.9205707480704_22.555670959071687.png,113.9205707480704,22.555670959071687,Ma and Kwan (2026) local author image export,restricted-local; raw image not redistributed
201601_113.9367483_22.5688907.png,201601_113.9367483_22.5688907.png,../../../dataset/201601_113.9367483_22.5688907.png,113.9367483,22.5688907,Ma and Kwan (2026) local author image export,restricted-local; raw image not redistributed
201601_113.95563_22.5731096.png,201601_113.95563_22.5731096.png,../../../dataset/201601_113.95563_22.5731096.png,113.95563,22.5731096,Ma and Kwan (2026) local author image export,restricted-local; raw image not redistributed
201601_113.97572705186109_22.58630829746072.png,201601_113.97572705186109_22.58630829746072.png,../../../dataset/201601_113.97572705186109_22.58630829746072.png,113.97572705186109,22.58630829746072,Ma and Kwan (2026) local author image export,restricted-local; raw image not redistributed
201601_113.98643188363951_22.565336028740756.png,201601_113.98643188363951_22.565336028740756.png,../../../dataset/201601_113.98643188363953_22.56533602874076.png,113.98643188363951,22.565336028740756,Ma and Kwan (2026) local author image export,restricted-local; raw image not redistributed
201601_114.00555478492693_22.63003206862512.png,201601_114.00555478492693_22.63003206862512.png,../../../dataset/201601_114.00555478492691_22.63003206862512.png,114.00555478492693,22.63003206862512,Ma and Kwan (2026) local author image export,restricted-local; raw image not redistributed
201601_114.0135251_22.565275.png,201601_114.0135251_22.565275.png,../../../dataset/201601_114.0135251_22.565275.png,114.0135251,22.565275,Ma and Kwan (2026) local author image export,restricted-local; raw image not redistributed
201601_114.03942740028948_22.59325947934857.png,201601_114.03942740028948_22.59325947934857.png,../../../dataset/201601_114.03942740028948_22.59325947934857.png,114.03942740028948,22.59325947934857,Ma and Kwan (2026) local author image export,restricted-local; raw image not redistributed
201601_114.0493319_22.6903141.png,201601_114.0493319_22.6903141.png,../../../dataset/201601_114.0493319_22.6903141.png,114.0493319,22.6903141,Ma and Kwan (2026) local author image export,restricted-local; raw image not redistributed
201601_114.04964802536469_22.65207090120377.png,201601_114.04964802536469_22.65207090120377.png,../../../dataset/201601_114.04964802536468_22.65207090120377.png,114.04964802536469,22.65207090120377,Ma and Kwan (2026) local author image export,restricted-local; raw image not redistributed
201601_114.0712346_22.5696774.png,201601_114.0712346_22.5696774.png,../../../dataset/201601_114.0712346_22.5696774.png,114.0712346,22.5696774,Ma and Kwan (2026) local author image export,restricted-local; raw image not redistributed
201601_114.10467809451235_22.63798504103764.png,201601_114.10467809451235_22.63798504103764.png,../../../dataset/201601_114.10467809451237_22.63798504103764.png,114.10467809451235,22.63798504103764,Ma and Kwan (2026) local author image export,restricted-local; raw image not redistributed
201601_114.1115713_22.576595899999997.png,201601_114.1115713_22.576595899999997.png,../../../dataset/201601_114.1115713_22.5765959.png,114.1115713,22.576595899999997,Ma and Kwan (2026) local author image export,restricted-local; raw image not redistributed
201602_114.0076178_22.653348199999996.png,201602_114.0076178_22.653348199999996.png,../../../dataset/201602_114.0076178_22.6533482.png,114.0076178,22.653348199999996,Ma and Kwan (2026) local author image export,restricted-local; raw image not redistributed
201602_114.1318184_22.558027199999998.png,201602_114.1318184_22.558027199999998.png,../../../dataset/201602_114.1318184_22.5580272.png,114.1318184,22.558027199999998,Ma and Kwan (2026) local author image export,restricted-local; raw image not redistributed
201606_114.0391485_22.7282786.png,201606_114.0391485_22.7282786.png,../../../dataset/201606_114.0391485_22.7282786.png,114.0391485,22.7282786,Ma and Kwan (2026) local author image export,restricted-local; raw image not redistributed
201607_114.1406262_22.5624803.png,201607_114.1406262_22.5624803.png,../../../dataset/201607_114.1406262_22.5624803.png,114.1406262,22.5624803,Ma and Kwan (2026) local author image export,restricted-local; raw image not redistributed
201608_114.2805139_22.625256699999998.png,201608_114.2805139_22.625256699999998.png,../../../dataset/201608_114.2805139_22.6252567.png,114.2805139,22.625256699999998,Ma and Kwan (2026) local author image export,restricted-local; raw image not redistributed
201608_114.300297_22.5877188.png,201608_114.300297_22.5877188.png,../../../dataset/201608_114.300297_22.5877188.png,114.300297,22.5877188,Ma and Kwan (2026) local author image export,restricted-local; raw image not redistributed
201708_113.9089397_22.523997199999993.png,201708_113.9089397_22.523997199999993.png,../../../dataset/201708_113.9089397_22.5239972.png,113.9089397,22.523997199999993,Ma and Kwan (2026) local author image export,restricted-local; raw image not redistributed
201708_113.9153991_22.566538199999997.png,201708_113.9153991_22.566538199999997.png,../../../dataset/201708_113.9153991_22.5665382.png,113.9153991,22.566538199999997,Ma and Kwan (2026) local author image export,restricted-local; raw image not redistributed
201708_113.9303359_22.515187099999995.png,201708_113.9303359_22.515187099999995.png,../../../dataset/201708_113.9303359_22.515187099999995.png,113.9303359,22.515187099999995,Ma and Kwan (2026) local author image export,restricted-local; raw image not redistributed
201708_113.9439892_22.5486754.png,201708_113.9439892_22.5486754.png,../../../dataset/201708_113.9439892_22.5486754.png,113.9439892,22.5486754,Ma and Kwan (2026) local author image export,restricted-local; raw image not redistributed
201708_114.1139086_22.538370400000005.png,201708_114.1139086_22.538370400000005.png,../../../dataset/201708_114.1139086_22.538370400000005.png,114.1139086,22.538370400000005,Ma and Kwan (2026) local author image export,restricted-local; raw image not redistributed
201709_113.9344939_22.552632599999995.png,201709_113.9344939_22.552632599999995.png,../../../dataset/201709_113.9344939_22.552632599999995.png,113.9344939,22.552632599999995,Ma and Kwan (2026) local author image export,restricted-local; raw image not redistributed
201709_113.943607_22.5605947.png,201709_113.943607_22.5605947.png,../../../dataset/201709_113.943607_22.5605947.png,113.943607,22.5605947,Ma and Kwan (2026) local author image export,restricted-local; raw image not redistributed
201709_113.96211397355088_22.531719062555634.png,201709_113.96211397355088_22.531719062555634.png,../../../dataset/201709_113.96211397355088_22.531719062555634.png,113.96211397355088,22.531719062555634,Ma and Kwan (2026) local author image export,restricted-local; raw image not redistributed
201709_113.9639129_22.534823.png,201709_113.9639129_22.534823.png,../../../dataset/201709_113.9639129_22.534823.png,113.9639129,22.534823,Ma and Kwan (2026) local author image export,restricted-local; raw image not redistributed
201709_113.9994241_22.667688899999998.png,201709_113.9994241_22.667688899999998.png,../../../dataset/201709_113.9994241_22.6676889.png,113.9994241,22.667688899999998,Ma and Kwan (2026) local author image export,restricted-local; raw image not redistributed
201709_114.0018234_22.667901699999994.png,201709_114.0018234_22.667901699999994.png,../../../dataset/201709_114.0018234_22.667901699999994.png,114.0018234,22.667901699999994,Ma and Kwan (2026) local author image export,restricted-local; raw image not redistributed
201709_114.0144989_22.623911299999996.png,201709_114.0144989_22.623911299999996.png,../../../dataset/201709_114.0144989_22.6239113.png,114.0144989,22.623911299999996,Ma and Kwan (2026) local author image export,restricted-local; raw image not redistributed
201709_114.01594280000002_22.643162600000004.png,201709_114.01594280000002_22.643162600000004.png,../../../dataset/201709_114.01594280000002_22.643162600000004.png,114.01594280000002,22.643162600000004,Ma and Kwan (2026) local author image export,restricted-local; raw image not redistributed
201709_114.0218923_22.6305483.png,201709_114.0218923_22.6305483.png,../../../dataset/201709_114.0218923_22.6305483.png,114.0218923,22.6305483,Ma and Kwan (2026) local author image export,restricted-local; raw image not redistributed
201709_114.0241351_22.6258048.png,201709_114.0241351_22.6258048.png,../../../dataset/201709_114.0241351_22.6258048.png,114.0241351,22.6258048,Ma and Kwan (2026) local author image export,restricted-local; raw image not redistributed
201709_114.0333185_22.7434467.png,201709_114.0333185_22.7434467.png,../../../dataset/201709_114.0333185_22.7434467.png,114.0333185,22.7434467,Ma and Kwan (2026) local author image export,restricted-local; raw image not redistributed
201709_114.03886620000002_22.64132529999999.png,201709_114.03886620000002_22.64132529999999.png,../../../dataset/201709_114.03886620000002_22.64132529999999.png,114.03886620000002,22.64132529999999,Ma and Kwan (2026) local author image export,restricted-local; raw image not redistributed
201709_114.0414485_22.640062199999996.png,201709_114.0414485_22.640062199999996.png,../../../dataset/201709_114.0414485_22.6400622.png,114.0414485,22.640062199999996,Ma and Kwan (2026) local author image export,restricted-local; raw image not redistributed
201709_114.0502404_22.601815099999996.png,201709_114.0502404_22.601815099999996.png,../../../dataset/201709_114.0502404_22.6018151.png,114.0502404,22.601815099999996,Ma and Kwan (2026) local author image export,restricted-local; raw image not redistributed
201709_114.0569058_22.528170200000005.png,201709_114.0569058_22.528170200000005.png,../../../dataset/201709_114.0569058_22.528170200000005.png,114.0569058,22.528170200000005,Ma and Kwan (2026) local author image export,restricted-local; raw image not redistributed
201709_114.06019570199695_22.61155481335208.png,201709_114.06019570199695_22.61155481335208.png,../../../dataset/201709_114.06019570199696_22.61155481335208.png,114.06019570199695,22.61155481335208,Ma and Kwan (2026) local author image export,restricted-local; raw image not redistributed
201709_114.0612517_22.7125737.png,201709_114.0612517_22.7125737.png,../../../dataset/201709_114.0612517_22.7125737.png,114.0612517,22.7125737,Ma and Kwan (2026) local author image export,restricted-local; raw image not redistributed
201709_114.06861678573122_22.721309304140785.png,201709_114.06861678573122_22.721309304140785.png,../../../dataset/201709_114.06861678573122_22.721309304140785.png,114.06861678573122,22.721309304140785,Ma and Kwan (2026) local author image export,restricted-local; raw image not redistributed
201709_114.0696131_22.72285939999999.png,201709_114.0696131_22.72285939999999.png,../../../dataset/201709_114.0696131_22.72285939999999.png,114.0696131,22.72285939999999,Ma and Kwan (2026) local author image export,restricted-local; raw image not redistributed
201709_114.0793126_22.562718900000004.png,201709_114.0793126_22.562718900000004.png,../../../dataset/201709_114.0793126_22.562718900000004.png,114.0793126,22.562718900000004,Ma and Kwan (2026) local author image export,restricted-local; raw image not redistributed
201709_114.0871723_22.5609009.png,201709_114.0871723_22.5609009.png,../../../dataset/201709_114.0871723_22.5609009.png,114.0871723,22.5609009,Ma and Kwan (2026) local author image export,restricted-local; raw image not redistributed
201709_114.0946047_22.6365959.png,201709_114.0946047_22.6365959.png,../../../dataset/201709_114.0946047_22.6365959.png,114.0946047,22.6365959,Ma and Kwan (2026) local author image export,restricted-local; raw image not redistributed
201709_114.1036659_22.633577100000004.png,201709_114.1036659_22.633577100000004.png,../../../dataset/201709_114.1036659_22.633577100000004.png,114.1036659,22.633577100000004,Ma and Kwan (2026) local author image export,restricted-local; raw image not redistributed
201709_114.1064122_22.6536206.png,201709_114.1064122_22.6536206.png,../../../dataset/201709_114.1064122_22.6536206.png,114.1064122,22.6536206,Ma and Kwan (2026) local author image export,restricted-local; raw image not redistributed
201709_114.1390699_22.549754199999995.png,201709_114.1390699_22.549754199999995.png,../../../dataset/201709_114.1390699_22.549754199999995.png,114.1390699,22.549754199999995,Ma and Kwan (2026) local author image export,restricted-local; raw image not redistributed
201902_113.78802927099669_22.681579777229107.png,201902_113.78802927099669_22.681579777229107.png,../../../dataset/201902_113.78802927099667_22.681579777229107.png,113.78802927099669,22.681579777229107,Ma and Kwan (2026) local author image export,restricted-local; raw image not redistributed
201902_113.7968278_22.6764534.png,201902_113.7968278_22.6764534.png,../../../dataset/201902_113.7968278_22.6764534.png,113.7968278,22.6764534,Ma and Kwan (2026) local author image export,restricted-local; raw image not redistributed
201902_113.8125536_22.742092199999995.png,201902_113.8125536_22.742092199999995.png,../../../dataset/201902_113.8125536_22.742092199999995.png,113.8125536,22.742092199999995,Ma and Kwan (2026) local author image export,restricted-local; raw image not redistributed
201902_113.822293711952_22.708451784912096.png,201902_113.822293711952_22.708451784912096.png,../../../dataset/201902_113.822293711952_22.708451784912096.png,113.822293711952,22.708451784912096,Ma and Kwan (2026) local author image export,restricted-local; raw image not redistributed
201902_113.82461400636875_22.737846546103565.png,201902_113.82461400636875_22.737846546103565.png,../../../dataset/201902_113.82461400636876_22.737846546103565.png,113.82461400636875,22.737846546103565,Ma and Kwan (2026) local author image export,restricted-local; raw image not redistributed
201902_113.86370289163905_22.8024886393656.png,201902_113.86370289163905_22.8024886393656.png,../../../dataset/201902_113.86370289163904_22.8024886393656.png,113.86370289163905,22.8024886393656,Ma and Kwan (2026) local author image export,restricted-local; raw image not redistributed
201902_113.8693476_22.598104299999996.png,201902_113.8693476_22.598104299999996.png,../../../dataset/201902_113.8693476_22.5981043.png,113.8693476,22.598104299999996,Ma and Kwan (2026) local author image export,restricted-local; raw image not redistributed
201902_113.8941739734363_22.720864788587726.png,201902_113.8941739734363_22.720864788587726.png,../../../dataset/201902_113.8941739734363_22.72086478858773.png,113.8941739734363,22.720864788587726,Ma and Kwan (2026) local author image export,restricted-local; raw image not redistributed
201902_113.91025928046581_22.57583711733693.png,201902_113.91025928046581_22.57583711733693.png,../../../dataset/201902_113.9102592804658_22.57583711733693.png,113.91025928046581,22.57583711733693,Ma and Kwan (2026) local author image export,restricted-local; raw image not redistributed
201902_114.0317129_22.543413399999995.png,201902_114.0317129_22.543413399999995.png,../../../dataset/201902_114.0317129_22.543413399999995.png,114.0317129,22.543413399999995,Ma and Kwan (2026) local author image export,restricted-local; raw image not redistributed
201902_114.04594474714749_22.567282191742024.png,201902_114.04594474714749_22.567282191742024.png,../../../dataset/201902_114.04594474714747_22.567282191742024.png,114.04594474714749,22.567282191742024,Ma and Kwan (2026) local author image export,restricted-local; raw image not redistributed
201908_114.2393767_22.557769699999998.png,201908_114.2393767_22.557769699999998.png,../../../dataset/201908_114.2393767_22.5577697.png,114.2393767,22.557769699999998,Ma and Kwan (2026) local author image export,restricted-local; raw image not redistributed
201909_113.9015183_22.709992299999996.png,201909_113.9015183_22.709992299999996.png,../../../dataset/201909_113.9015183_22.7099923.png,113.9015183,22.709992299999996,Ma and Kwan (2026) local author image export,restricted-local; raw image not redistributed
202003_113.88955644157302_22.798927053748397.png,202003_113.88955644157302_22.798927053748397.png,../../../dataset/202003_113.88955644157302_22.7989270537484.png,113.88955644157302,22.798927053748397,Ma and Kwan (2026) local author image export,restricted-local; raw image not redistributed
202003_114.0251856_22.63805.png,202003_114.0251856_22.63805.png,../../../dataset/202003_114.0251856_22.63805.png,114.0251856,22.63805,Ma and Kwan (2026) local author image export,restricted-local; raw image not redistributed
202003_114.1991135_22.709366499999998.png,202003_114.1991135_22.709366499999998.png,../../../dataset/202003_114.1991135_22.7093665.png,114.1991135,22.709366499999998,Ma and Kwan (2026) local author image export,restricted-local; raw image not redistributed
202003_114.2000427014398_22.692087883164596.png,202003_114.2000427014398_22.692087883164596.png,../../../dataset/202003_114.2000427014398_22.6920878831646.png,114.2000427014398,22.692087883164596,Ma and Kwan (2026) local author image export,restricted-local; raw image not redistributed
202003_114.23825474491608_22.69764445152608.png,202003_114.23825474491608_22.69764445152608.png,../../../dataset/202003_114.23825474491608_22.69764445152608.png,114.23825474491608,22.69764445152608,Ma and Kwan (2026) local author image export,restricted-local; raw image not redistributed
202101_113.85384977720011_22.78301523471154.png,202101_113.85384977720011_22.78301523471154.png,../../../dataset/202101_113.85384977720013_22.78301523471154.png,113.85384977720011,22.78301523471154,Ma and Kwan (2026) local author image export,restricted-local; raw image not redistributed
202101_113.8825929_22.794455400000004.png,202101_113.8825929_22.794455400000004.png,../../../dataset/202101_113.8825929_22.794455400000004.png,113.8825929,22.794455400000004,Ma and Kwan (2026) local author image export,restricted-local; raw image not redistributed
202101_113.888855_22.791229200000004.png,202101_113.888855_22.791229200000004.png,../../../dataset/202101_113.888855_22.791229200000004.png,113.888855,22.791229200000004,Ma and Kwan (2026) local author image export,restricted-local; raw image not redistributed
202101_113.90091646008864_22.799239870213608.png,202101_113.90091646008864_22.799239870213608.png,../../../dataset/202101_113.90091646008864_22.799239870213608.png,113.90091646008864,22.799239870213608,Ma and Kwan (2026) local author image export,restricted-local; raw image not redistributed
202101_113.93861180000002_22.7661842.png,202101_113.93861180000002_22.7661842.png,../../../dataset/202101_113.93861180000002_22.7661842.png,113.93861180000002,22.7661842,Ma and Kwan (2026) local author image export,restricted-local; raw image not redistributed
202102_113.91371846455706_22.760970536511298.png,202102_113.91371846455706_22.760970536511298.png,../../../dataset/202102_113.91371846455706_22.76097053651129.png,113.91371846455706,22.760970536511298,Ma and Kwan (2026) local author image export,restricted-local; raw image not redistributed
202102_113.946745_22.740813599999992.png,202102_113.946745_22.740813599999992.png,../../../dataset/202102_113.946745_22.740813599999992.png,113.946745,22.740813599999992,Ma and Kwan (2026) local author image export,restricted-local; raw image not redistributed
202102_114.0434234_22.704722999999998.png,202102_114.0434234_22.704722999999998.png,../../../dataset/202102_114.0434234_22.704723.png,114.0434234,22.704722999999998,Ma and Kwan (2026) local author image export,restricted-local; raw image not redistributed
202103_113.77808539352496_22.70661859855536.png,202103_113.77808539352496_22.70661859855536.png,../../../dataset/202103_113.77808539352496_22.70661859855536.png,113.77808539352496,22.70661859855536,Ma and Kwan (2026) local author image export,restricted-local; raw image not redistributed
202103_113.78774241091746_22.712710262476318.png,202103_113.78774241091746_22.712710262476318.png,../../../dataset/202103_113.78774241091746_22.71271026247632.png,113.78774241091746,22.712710262476318,Ma and Kwan (2026) local author image export,restricted-local; raw image not redistributed
202103_113.8106956_22.774374599999994.png,202103_113.8106956_22.774374599999994.png,../../../dataset/202103_113.8106956_22.774374599999994.png,113.8106956,22.774374599999994,Ma and Kwan (2026) local author image export,restricted-local; raw image not redistributed
202103_113.81288850694662_22.667950333592696.png,202103_113.81288850694662_22.667950333592696.png,../../../dataset/202103_113.81288850694662_22.667950333592696.png,113.81288850694662,22.667950333592696,Ma and Kwan (2026) local author image export,restricted-local; raw image not redistributed
202103_113.82008186652787_22.75965661067105.png,202103_113.82008186652787_22.75965661067105.png,../../../dataset/202103_113.82008186652789_22.75965661067105.png,113.82008186652787,22.75965661067105,Ma and Kwan (2026) local author image export,restricted-local; raw image not redistributed
202103_113.8244835_22.775231100000003.png,202103_113.8244835_22.775231100000003.png,../../../dataset/202103_113.8244835_22.775231100000003.png,113.8244835,22.775231100000003,Ma and Kwan (2026) local author image export,restricted-local; raw image not redistributed
202103_113.82636226744971_22.67478843036012.png,202103_113.82636226744971_22.67478843036012.png,../../../dataset/202103_113.82636226744972_22.67478843036012.png,113.82636226744971,22.67478843036012,Ma and Kwan (2026) local author image export,restricted-local; raw image not redistributed
202103_113.8264963501249_22.68374108533307.png,202103_113.8264963501249_22.68374108533307.png,../../../dataset/202103_113.8264963501249_22.68374108533307.png,113.8264963501249,22.68374108533307,Ma and Kwan (2026) local author image export,restricted-local; raw image not redistributed
202103_113.8352526_22.7190171.png,202103_113.8352526_22.7190171.png,../../../dataset/202103_113.8352526_22.7190171.png,113.8352526,22.7190171,Ma and Kwan (2026) local author image export,restricted-local; raw image not redistributed
202103_113.837714_22.7391328.png,202103_113.837714_22.7391328.png,../../../dataset/202103_113.837714_22.7391328.png,113.837714,22.7391328,Ma and Kwan (2026) local author image export,restricted-local; raw image not redistributed
202103_113.84227470000002_22.765698599999997.png,202103_113.84227470000002_22.765698599999997.png,../../../dataset/202103_113.84227470000002_22.7656986.png,113.84227470000002,22.765698599999997,Ma and Kwan (2026) local author image export,restricted-local; raw image not redistributed
202103_113.8435713_22.621687999999995.png,202103_113.8435713_22.621687999999995.png,../../../dataset/202103_113.8435713_22.621687999999995.png,113.8435713,22.621687999999995,Ma and Kwan (2026) local author image export,restricted-local; raw image not redistributed
202103_113.8521336_22.690685799999994.png,202103_113.8521336_22.690685799999994.png,../../../dataset/202103_113.8521336_22.6906858.png,113.8521336,22.690685799999994,Ma and Kwan (2026) local author image export,restricted-local; raw image not redistributed
202103_113.85770470000001_22.582482999999996.png,202103_113.85770470000001_22.582482999999996.png,../../../dataset/202103_113.8577047_22.582483.png,113.85770470000001,22.582482999999996,Ma and Kwan (2026) local author image export,restricted-local; raw image not redistributed
202103_113.86854584962914_22.602575394764475.png,202103_113.86854584962914_22.602575394764475.png,../../../dataset/202103_113.86854584962914_22.602575394764475.png,113.86854584962914,22.602575394764475,Ma and Kwan (2026) local author image export,restricted-local; raw image not redistributed
202103_113.8770939_22.5847014.png,202103_113.8770939_22.5847014.png,../../../dataset/202103_113.8770939_22.5847014.png,113.8770939,22.5847014,Ma and Kwan (2026) local author image export,restricted-local; raw image not redistributed
202103_113.87880600086551_22.78372813730076.png,202103_113.87880600086551_22.78372813730076.png,../../../dataset/202103_113.87880600086552_22.78372813730076.png,113.87880600086551,22.78372813730076,Ma and Kwan (2026) local author image export,restricted-local; raw image not redistributed
202103_113.8871678_22.50216539999999.png,202103_113.8871678_22.50216539999999.png,../../../dataset/202103_113.8871678_22.50216539999999.png,113.8871678,22.50216539999999,Ma and Kwan (2026) local author image export,restricted-local; raw image not redistributed
202103_113.9070024_22.779004599999993.png,202103_113.9070024_22.779004599999993.png,../../../dataset/202103_113.9070024_22.7790046.png,113.9070024,22.779004599999993,Ma and Kwan (2026) local author image export,restricted-local; raw image not redistributed
202103_113.9159635_22.4858451.png,202103_113.9159635_22.4858451.png,../../../dataset/202103_113.9159635_22.4858451.png,113.9159635,22.4858451,Ma and Kwan (2026) local author image export,restricted-local; raw image not redistributed
202103_113.9228765_22.525948399999997.png,202103_113.9228765_22.525948399999997.png,../../../dataset/202103_113.9228765_22.5259484.png,113.9228765,22.525948399999997,Ma and Kwan (2026) local author image export,restricted-local; raw image not redistributed
202103_113.92463050000002_22.500260399999995.png,202103_113.92463050000002_22.500260399999995.png,../../../dataset/202103_113.92463050000002_22.500260399999995.png,113.92463050000002,22.500260399999995,Ma and Kwan (2026) local author image export,restricted-local; raw image not redistributed
202103_113.9317217_22.5611119.png,202103_113.9317217_22.5611119.png,../../../dataset/202103_113.9317217_22.5611119.png,113.9317217,22.5611119,Ma and Kwan (2026) local author image export,restricted-local; raw image not redistributed
202103_113.941758_22.503601700000004.png,202103_113.941758_22.503601700000004.png,../../../dataset/202103_113.941758_22.503601700000004.png,113.941758,22.503601700000004,Ma and Kwan (2026) local author image export,restricted-local; raw image not redistributed
202103_113.9429747_22.532584499999995.png,202103_113.9429747_22.532584499999995.png,../../../dataset/202103_113.9429747_22.532584499999995.png,113.9429747,22.532584499999995,Ma and Kwan (2026) local author image export,restricted-local; raw image not redistributed
202103_113.9572307259974_22.543175451827373.png,202103_113.9572307259974_22.543175451827373.png,../../../dataset/202103_113.9572307259974_22.543175451827373.png,113.9572307259974,22.543175451827373,Ma and Kwan (2026) local author image export,restricted-local; raw image not redistributed
202103_113.9651074_22.569433700000005.png,202103_113.9651074_22.569433700000005.png,../../../dataset/202103_113.9651074_22.569433700000005.png,113.9651074,22.569433700000005,Ma and Kwan (2026) local author image export,restricted-local; raw image not redistributed
202103_113.9772284_22.566765299999997.png,202103_113.9772284_22.566765299999997.png,../../../dataset/202103_113.9772284_22.5667653.png,113.9772284,22.566765299999997,Ma and Kwan (2026) local author image export,restricted-local; raw image not redistributed
202103_114.0028434_22.5361266.png,202103_114.0028434_22.5361266.png,../../../dataset/202103_114.0028434_22.5361266.png,114.0028434,22.5361266,Ma and Kwan (2026) local author image export,restricted-local; raw image not redistributed
202103_114.0214167_22.529604399999997.png,202103_114.0214167_22.529604399999997.png,../../../dataset/202103_114.0214167_22.5296044.png,114.0214167,22.529604399999997,Ma and Kwan (2026) local author image export,restricted-local; raw image not redistributed
202103_114.0295192_22.6753357.png,202103_114.0295192_22.6753357.png,../../../dataset/202103_114.0295192_22.6753357.png,114.0295192,22.6753357,Ma and Kwan (2026) local author image export,restricted-local; raw image not redistributed
202103_114.0343637_22.714637800000002.png,202103_114.0343637_22.714637800000002.png,../../../dataset/202103_114.0343637_22.7146378.png,114.0343637,22.714637800000002,Ma and Kwan (2026) local author image export,restricted-local; raw image not redistributed
202103_114.03556500000002_22.543814300000005.png,202103_114.03556500000002_22.543814300000005.png,../../../dataset/202103_114.03556500000002_22.543814300000005.png,114.03556500000002,22.543814300000005,Ma and Kwan (2026) local author image export,restricted-local; raw image not redistributed
202103_114.0433253_22.542509600000002.png,202103_114.0433253_22.542509600000002.png,../../../dataset/202103_114.0433253_22.5425096.png,114.0433253,22.542509600000002,Ma and Kwan (2026) local author image export,restricted-local; raw image not redistributed
202103_114.0492532_22.503914999999996.png,202103_114.0492532_22.503914999999996.png,../../../dataset/202103_114.0492532_22.503915.png,114.0492532,22.503914999999996,Ma and Kwan (2026) local author image export,restricted-local; raw image not redistributed
202103_114.0552365_22.5092541.png,202103_114.0552365_22.5092541.png,../../../dataset/202103_114.0552365_22.5092541.png,114.0552365,22.5092541,Ma and Kwan (2026) local author image export,restricted-local; raw image not redistributed
202103_114.05568005891669_22.668509965401316.png,202103_114.05568005891669_22.668509965401316.png,../../../dataset/202103_114.05568005891668_22.66850996540132.png,114.05568005891669,22.668509965401316,Ma and Kwan (2026) local author image export,restricted-local; raw image not redistributed
202103_114.0727822_22.654202299999998.png,202103_114.0727822_22.654202299999998.png,../../../dataset/202103_114.0727822_22.6542023.png,114.0727822,22.654202299999998,Ma and Kwan (2026) local author image export,restricted-local; raw image not redistributed
202103_114.08177436810324_22.71047882066633.png,202103_114.08177436810324_22.71047882066633.png,../../../dataset/202103_114.08177436810324_22.71047882066633.png,114.08177436810324,22.71047882066633,Ma and Kwan (2026) local author image export,restricted-local; raw image not redistributed
202103_114.0931461_22.554121899999995.png,202103_114.0931461_22.554121899999995.png,../../../dataset/202103_114.0931461_22.554121899999995.png,114.0931461,22.554121899999995,Ma and Kwan (2026) local author image export,restricted-local; raw image not redistributed
202103_114.0970567909583_22.7181553287723.png,202103_114.0970567909583_22.7181553287723.png,../../../dataset/202103_114.0970567909583_22.7181553287723.png,114.0970567909583,22.7181553287723,Ma and Kwan (2026) local author image export,restricted-local; raw image not redistributed
202103_114.097324_22.7009943.png,202103_114.097324_22.7009943.png,../../../dataset/202103_114.097324_22.7009943.png,114.097324,22.7009943,Ma and Kwan (2026) local author image export,restricted-local; raw image not redistributed
202103_114.0988453_22.704682299999998.png,202103_114.0988453_22.704682299999998.png,../../../dataset/202103_114.0988453_22.7046823.png,114.0988453,22.704682299999998,Ma and Kwan (2026) local author image export,restricted-local; raw image not redistributed
202103_114.1102391_22.621661899999992.png,202103_114.1102391_22.621661899999992.png,../../../dataset/202103_114.1102391_22.621661899999992.png,114.1102391,22.621661899999992,Ma and Kwan (2026) local author image export,restricted-local; raw image not redistributed
202103_114.1198452_22.5910835.png,202103_114.1198452_22.5910835.png,../../../dataset/202103_114.1198452_22.5910835.png,114.1198452,22.5910835,Ma and Kwan (2026) local author image export,restricted-local; raw image not redistributed
202103_114.12190805793112_22.627928023917203.png,202103_114.12190805793112_22.627928023917203.png,../../../dataset/202103_114.12190805793112_22.627928023917203.png,114.12190805793112,22.627928023917203,Ma and Kwan (2026) local author image export,restricted-local; raw image not redistributed
202103_114.1227501_22.5559666.png,202103_114.1227501_22.5559666.png,../../../dataset/202103_114.1227501_22.5559666.png,114.1227501,22.5559666,Ma and Kwan (2026) local author image export,restricted-local; raw image not redistributed
202103_114.1284662_22.625145700000004.png,202103_114.1284662_22.625145700000004.png,../../../dataset/202103_114.1284662_22.625145700000004.png,114.1284662,22.625145700000004,Ma and Kwan (2026) local author image export,restricted-local; raw image not redistributed
202103_114.1462658_22.620422699999995.png,202103_114.1462658_22.620422699999995.png,../../../dataset/202103_114.1462658_22.620422699999995.png,114.1462658,22.620422699999995,Ma and Kwan (2026) local author image export,restricted-local; raw image not redistributed
202103_114.2151047_22.555198599999997.png,202103_114.2151047_22.555198599999997.png,../../../dataset/202103_114.2151047_22.5551986.png,114.2151047,22.555198599999997,Ma and Kwan (2026) local author image export,restricted-local; raw image not redistributed
202103_114.21793862646713_22.67803233370238.png,202103_114.21793862646713_22.67803233370238.png,../../../dataset/202103_114.21793862646712_22.67803233370238.png,114.21793862646713,22.67803233370238,Ma and Kwan (2026) local author image export,restricted-local; raw image not redistributed
202103_114.2240115_22.690695.png,202103_114.2240115_22.690695.png,../../../dataset/202103_114.2240115_22.690695.png,114.2240115,22.690695,Ma and Kwan (2026) local author image export,restricted-local; raw image not redistributed
202103_114.2358123_22.728261600000003.png,202103_114.2358123_22.728261600000003.png,../../../dataset/202103_114.2358123_22.728261600000003.png,114.2358123,22.728261600000003,Ma and Kwan (2026) local author image export,restricted-local; raw image not redistributed
202103_114.2422502421771_22.56227045019431.png,202103_114.2422502421771_22.56227045019431.png,../../../dataset/202103_114.2422502421771_22.56227045019431.png,114.2422502421771,22.56227045019431,Ma and Kwan (2026) local author image export,restricted-local; raw image not redistributed
202103_114.24886032892263_22.70519218145229.png,202103_114.24886032892263_22.70519218145229.png,../../../dataset/202103_114.24886032892265_22.70519218145229.png,114.24886032892263,22.70519218145229,Ma and Kwan (2026) local author image export,restricted-local; raw image not redistributed
202103_114.2580832_22.585963900000003.png,202103_114.2580832_22.585963900000003.png,../../../dataset/202103_114.2580832_22.585963900000003.png,114.2580832,22.585963900000003,Ma and Kwan (2026) local author image export,restricted-local; raw image not redistributed
202103_114.2781623_22.7481021.png,202103_114.2781623_22.7481021.png,../../../dataset/202103_114.2781623_22.7481021.png,114.2781623,22.7481021,Ma and Kwan (2026) local author image export,restricted-local; raw image not redistributed
202103_114.30650090000002_22.600766799999995.png,202103_114.30650090000002_22.600766799999995.png,../../../dataset/202103_114.30650090000002_22.600766799999995.png,114.30650090000002,22.600766799999995,Ma and Kwan (2026) local author image export,restricted-local; raw image not redistributed
202201_114.2731717_22.634134700000004.png,202201_114.2731717_22.634134700000004.png,../../../dataset/202201_114.2731717_22.634134700000004.png,114.2731717,22.634134700000004,Ma and Kwan (2026) local author image export,restricted-local; raw image not redistributed
202202_113.90250819161481_22.798201494461292.png,202202_113.90250819161481_22.798201494461292.png,../../../dataset/202202_113.9025081916148_22.79820149446129.png,113.90250819161481,22.798201494461292,Ma and Kwan (2026) local author image export,restricted-local; raw image not redistributed
202203_113.8044636404817_22.67523148030025.png,202203_113.8044636404817_22.67523148030025.png,../../../dataset/202203_113.8044636404817_22.67523148030025.png,113.8044636404817,22.67523148030025,Ma and Kwan (2026) local author image export,restricted-local; raw image not redistributed
202207_114.0390344_22.565740199999993.png,202207_114.0390344_22.565740199999993.png,../../../dataset/202207_114.0390344_22.5657402.png,114.0390344,22.565740199999993,Ma and Kwan (2026) local author image export,restricted-local; raw image not redistributed
202211_113.78291956179339_22.7216500714381.png,202211_113.78291956179339_22.7216500714381.png,../../../dataset/202211_113.7829195617934_22.7216500714381.png,113.78291956179339,22.7216500714381,Ma and Kwan (2026) local author image export,restricted-local; raw image not redistributed
202211_113.78807238764684_22.679775888856494.png,202211_113.78807238764684_22.679775888856494.png,../../../dataset/202211_113.78807238764684_22.679775888856494.png,113.78807238764684,22.679775888856494,Ma and Kwan (2026) local author image export,restricted-local; raw image not redistributed
202211_113.7885606_22.738446.png,202211_113.7885606_22.738446.png,../../../dataset/202211_113.7885606_22.738446.png,113.7885606,22.738446,Ma and Kwan (2026) local author image export,restricted-local; raw image not redistributed
202211_113.79437007537138_22.682460288185617.png,202211_113.79437007537138_22.682460288185617.png,../../../dataset/202211_113.79437007537138_22.682460288185617.png,113.79437007537138,22.682460288185617,Ma and Kwan (2026) local author image export,restricted-local; raw image not redistributed
202211_113.7957707_22.7341786.png,202211_113.7957707_22.7341786.png,../../../dataset/202211_113.7957707_22.7341786.png,113.7957707,22.7341786,Ma and Kwan (2026) local author image export,restricted-local; raw image not redistributed
202211_113.8017865_22.6838826.png,202211_113.8017865_22.6838826.png,../../../dataset/202211_113.8017865_22.6838826.png,113.8017865,22.6838826,Ma and Kwan (2026) local author image export,restricted-local; raw image not redistributed
202211_113.8041727_22.7795268.png,202211_113.8041727_22.7795268.png,../../../dataset/202211_113.8041727_22.7795268.png,113.8041727,22.7795268,Ma and Kwan (2026) local author image export,restricted-local; raw image not redistributed
202211_113.8082633_22.674981199999994.png,202211_113.8082633_22.674981199999994.png,../../../dataset/202211_113.8082633_22.6749812.png,113.8082633,22.674981199999994,Ma and Kwan (2026) local author image export,restricted-local; raw image not redistributed
202211_113.8100430382602_22.746583540331518.png,202211_113.8100430382602_22.746583540331518.png,../../../dataset/202211_113.8100430382602_22.74658354033152.png,113.8100430382602,22.746583540331518,Ma and Kwan (2026) local author image export,restricted-local; raw image not redistributed
202211_113.8109161_22.7844666.png,202211_113.8109161_22.7844666.png,../../../dataset/202211_113.8109161_22.7844666.png,113.8109161,22.7844666,Ma and Kwan (2026) local author image export,restricted-local; raw image not redistributed
202211_113.8131533_22.734941999999997.png,202211_113.8131533_22.734941999999997.png,../../../dataset/202211_113.8131533_22.734942.png,113.8131533,22.734941999999997,Ma and Kwan (2026) local author image export,restricted-local; raw image not redistributed
202211_113.8169133_22.7276972.png,202211_113.8169133_22.7276972.png,../../../dataset/202211_113.8169133_22.7276972.png,113.8169133,22.7276972,Ma and Kwan (2026) local author image export,restricted-local; raw image not redistributed
202211_113.81788238289876_22.73720803948338.png,202211_113.81788238289876_22.73720803948338.png,../../../dataset/202211_113.81788238289876_22.73720803948338.png,113.81788238289876,22.73720803948338,Ma and Kwan (2026) local author image export,restricted-local; raw image not redistributed
202211_113.819258_22.731765400000004.png,202211_113.819258_22.731765400000004.png,../../../dataset/202211_113.819258_22.731765400000004.png,113.819258,22.731765400000004,Ma and Kwan (2026) local author image export,restricted-local; raw image not redistributed
202211_113.82000803448553_22.737425312514915.png,202211_113.82000803448553_22.737425312514915.png,../../../dataset/202211_113.82000803448553_22.737425312514915.png,113.82000803448553,22.737425312514915,Ma and Kwan (2026) local author image export,restricted-local; raw image not redistributed
202211_113.8222678_22.6425994.png,202211_113.8222678_22.6425994.png,../../../dataset/202211_113.8222678_22.6425994.png,113.8222678,22.6425994,Ma and Kwan (2026) local author image export,restricted-local; raw image not redistributed
202211_113.8262261_22.649557699999992.png,202211_113.8262261_22.649557699999992.png,../../../dataset/202211_113.8262261_22.649557699999992.png,113.8262261,22.649557699999992,Ma and Kwan (2026) local author image export,restricted-local; raw image not redistributed
202211_113.82747384253616_22.615966911644556.png,202211_113.82747384253616_22.615966911644556.png,../../../dataset/202211_113.82747384253616_22.61596691164456.png,113.82747384253616,22.615966911644556,Ma and Kwan (2026) local author image export,restricted-local; raw image not redistributed
202211_113.8291359_22.6271889.png,202211_113.8291359_22.6271889.png,../../../dataset/202211_113.8291359_22.6271889.png,113.8291359,22.6271889,Ma and Kwan (2026) local author image export,restricted-local; raw image not redistributed
202211_113.8319583_22.794324499999995.png,202211_113.8319583_22.794324499999995.png,../../../dataset/202211_113.8319583_22.794324499999995.png,113.8319583,22.794324499999995,Ma and Kwan (2026) local author image export,restricted-local; raw image not redistributed
202211_113.83265292629095_22.7449197751454.png,202211_113.83265292629095_22.7449197751454.png,../../../dataset/202211_113.83265292629096_22.7449197751454.png,113.83265292629095,22.7449197751454,Ma and Kwan (2026) local author image export,restricted-local; raw image not redistributed
202211_113.8347799_22.784325.png,202211_113.8347799_22.784325.png,../../../dataset/202211_113.8347799_22.784325.png,113.8347799,22.784325,Ma and Kwan (2026) local author image export,restricted-local; raw image not redistributed
202211_113.83586272797584_22.70472169611849.png,202211_113.83586272797584_22.70472169611849.png,../../../dataset/202211_113.83586272797584_22.70472169611849.png,113.83586272797584,22.70472169611849,Ma and Kwan (2026) local author image export,restricted-local; raw image not redistributed
202211_113.836346_22.638564300000002.png,202211_113.836346_22.638564300000002.png,../../../dataset/202211_113.836346_22.6385643.png,113.836346,22.638564300000002,Ma and Kwan (2026) local author image export,restricted-local; raw image not redistributed
202211_113.8379821_22.8048093.png,202211_113.8379821_22.8048093.png,../../../dataset/202211_113.8379821_22.8048093.png,113.8379821,22.8048093,Ma and Kwan (2026) local author image export,restricted-local; raw image not redistributed
202211_113.83840317386104_22.70831987854843.png,202211_113.83840317386104_22.70831987854843.png,../../../dataset/202211_113.83840317386104_22.70831987854843.png,113.83840317386104,22.70831987854843,Ma and Kwan (2026) local author image export,restricted-local; raw image not redistributed
202211_113.8409071441885_22.61114609385476.png,202211_113.8409071441885_22.61114609385476.png,../../../dataset/202211_113.8409071441885_22.61114609385476.png,113.8409071441885,22.61114609385476,Ma and Kwan (2026) local author image export,restricted-local; raw image not redistributed
202211_113.8436113_22.612272900000004.png,202211_113.8436113_22.612272900000004.png,../../../dataset/202211_113.8436113_22.612272900000004.png,113.8436113,22.612272900000004,Ma and Kwan (2026) local author image export,restricted-local; raw image not redistributed
202211_113.8452123_22.763892499999994.png,202211_113.8452123_22.763892499999994.png,../../../dataset/202211_113.8452123_22.7638925.png,113.8452123,22.763892499999994,Ma and Kwan (2026) local author image export,restricted-local; raw image not redistributed
202211_113.84852700762849_22.610222404648848.png,202211_113.84852700762849_22.610222404648848.png,../../../dataset/202211_113.84852700762848_22.610222404648848.png,113.84852700762849,22.610222404648848,Ma and Kwan (2026) local author image export,restricted-local; raw image not redistributed
202211_113.8492719_22.793544899999997.png,202211_113.8492719_22.793544899999997.png,../../../dataset/202211_113.8492719_22.7935449.png,113.8492719,22.793544899999997,Ma and Kwan (2026) local author image export,restricted-local; raw image not redistributed
202211_113.8523632_22.618814899999997.png,202211_113.8523632_22.618814899999997.png,../../../dataset/202211_113.8523632_22.6188149.png,113.8523632,22.618814899999997,Ma and Kwan (2026) local author image export,restricted-local; raw image not redistributed
202211_113.8551969_22.763327199999996.png,202211_113.8551969_22.763327199999996.png,../../../dataset/202211_113.8551969_22.7633272.png,113.8551969,22.763327199999996,Ma and Kwan (2026) local author image export,restricted-local; raw image not redistributed
202211_113.85560042621323_22.806993254660956.png,202211_113.85560042621323_22.806993254660956.png,../../../dataset/202211_113.85560042621324_22.80699325466096.png,113.85560042621323,22.806993254660956,Ma and Kwan (2026) local author image export,restricted-local; raw image not redistributed
202211_113.8575257_22.717668000000003.png,202211_113.8575257_22.717668000000003.png,../../../dataset/202211_113.8575257_22.717668000000003.png,113.8575257,22.717668000000003,Ma and Kwan (2026) local author image export,restricted-local; raw image not redistributed
202211_113.8596726_22.652348399999997.png,202211_113.8596726_22.652348399999997.png,../../../dataset/202211_113.8596726_22.6523484.png,113.8596726,22.652348399999997,Ma and Kwan (2026) local author image export,restricted-local; raw image not redistributed
202211_113.8635362_22.560423499999995.png,202211_113.8635362_22.560423499999995.png,../../../dataset/202211_113.8635362_22.560423499999995.png,113.8635362,22.560423499999995,Ma and Kwan (2026) local author image export,restricted-local; raw image not redistributed
202211_113.8704171_22.562697100000005.png,202211_113.8704171_22.562697100000005.png,../../../dataset/202211_113.8704171_22.562697100000005.png,113.8704171,22.562697100000005,Ma and Kwan (2026) local author image export,restricted-local; raw image not redistributed
202211_113.8722763_22.551879099999997.png,202211_113.8722763_22.551879099999997.png,../../../dataset/202211_113.8722763_22.5518791.png,113.8722763,22.551879099999997,Ma and Kwan (2026) local author image export,restricted-local; raw image not redistributed
202211_113.87349693118158_22.585965639453615.png,202211_113.87349693118158_22.585965639453615.png,../../../dataset/202211_113.87349693118158_22.58596563945361.png,113.87349693118158,22.585965639453615,Ma and Kwan (2026) local author image export,restricted-local; raw image not redistributed
202211_113.8795867_22.5997255.png,202211_113.8795867_22.5997255.png,../../../dataset/202211_113.8795867_22.5997255.png,113.8795867,22.5997255,Ma and Kwan (2026) local author image export,restricted-local; raw image not redistributed
202211_113.88136_22.584475199999996.png,202211_113.88136_22.584475199999996.png,../../../dataset/202211_113.88136_22.5844752.png,113.88136,22.584475199999996,Ma and Kwan (2026) local author image export,restricted-local; raw image not redistributed
202211_113.8822775_22.5709209.png,202211_113.8822775_22.5709209.png,../../../dataset/202211_113.8822775_22.5709209.png,113.8822775,22.5709209,Ma and Kwan (2026) local author image export,restricted-local; raw image not redistributed
202211_113.88679688991533_22.57914480276345.png,202211_113.88679688991533_22.57914480276345.png,../../../dataset/202211_113.88679688991532_22.57914480276345.png,113.88679688991533,22.57914480276345,Ma and Kwan (2026) local author image export,restricted-local; raw image not redistributed
202211_113.8878473_22.7457221.png,202211_113.8878473_22.7457221.png,../../../dataset/202211_113.8878473_22.7457221.png,113.8878473,22.7457221,Ma and Kwan (2026) local author image export,restricted-local; raw image not redistributed
202211_113.89438222471337_22.73412834603495.png,202211_113.89438222471337_22.73412834603495.png,../../../dataset/202211_113.89438222471335_22.73412834603495.png,113.89438222471337,22.73412834603495,Ma and Kwan (2026) local author image export,restricted-local; raw image not redistributed
202211_113.8992378_22.5719486.png,202211_113.8992378_22.5719486.png,../../../dataset/202211_113.8992378_22.5719486.png,113.8992378,22.5719486,Ma and Kwan (2026) local author image export,restricted-local; raw image not redistributed
202211_113.90574290000002_22.577700399999998.png,202211_113.90574290000002_22.577700399999998.png,../../../dataset/202211_113.90574290000002_22.5777004.png,113.90574290000002,22.577700399999998,Ma and Kwan (2026) local author image export,restricted-local; raw image not redistributed
202211_113.90896476644085_22.56979410159586.png,202211_113.90896476644085_22.56979410159586.png,../../../dataset/202211_113.90896476644085_22.56979410159586.png,113.90896476644085,22.56979410159586,Ma and Kwan (2026) local author image export,restricted-local; raw image not redistributed
202211_113.909002_22.5679899.png,202211_113.909002_22.5679899.png,../../../dataset/202211_113.909002_22.5679899.png,113.909002,22.5679899,Ma and Kwan (2026) local author image export,restricted-local; raw image not redistributed
202211_113.9117943_22.665487700000003.png,202211_113.9117943_22.665487700000003.png,../../../dataset/202211_113.9117943_22.665487700000003.png,113.9117943,22.665487700000003,Ma and Kwan (2026) local author image export,restricted-local; raw image not redistributed
202211_113.9159803_22.655209499999998.png,202211_113.9159803_22.655209499999998.png,../../../dataset/202211_113.9159803_22.6552095.png,113.9159803,22.655209499999998,Ma and Kwan (2026) local author image export,restricted-local; raw image not redistributed
202211_113.921566914685_22.692212677311126.png,202211_113.921566914685_22.692212677311126.png,../../../dataset/202211_113.921566914685_22.69221267731113.png,113.921566914685,22.692212677311126,Ma and Kwan (2026) local author image export,restricted-local; raw image not redistributed
202211_113.9227536_22.727050399999996.png,202211_113.9227536_22.727050399999996.png,../../../dataset/202211_113.9227536_22.7270504.png,113.9227536,22.727050399999996,Ma and Kwan (2026) local author image export,restricted-local; raw image not redistributed
202211_113.92292441756912_22.689422567040562.png,202211_113.92292441756912_22.689422567040562.png,../../../dataset/202211_113.92292441756912_22.68942256704056.png,113.92292441756912,22.689422567040562,Ma and Kwan (2026) local author image export,restricted-local; raw image not redistributed
202211_113.9263628_22.5912654.png,202211_113.9263628_22.5912654.png,../../../dataset/202211_113.9263628_22.5912654.png,113.9263628,22.5912654,Ma and Kwan (2026) local author image export,restricted-local; raw image not redistributed
202211_113.9360468_22.758895699999997.png,202211_113.9360468_22.758895699999997.png,../../../dataset/202211_113.9360468_22.7588957.png,113.9360468,22.758895699999997,Ma and Kwan (2026) local author image export,restricted-local; raw image not redistributed
202211_113.94225220000001_22.753719199999995.png,202211_113.94225220000001_22.753719199999995.png,../../../dataset/202211_113.9422522_22.753719199999995.png,113.94225220000001,22.753719199999995,Ma and Kwan (2026) local author image export,restricted-local; raw image not redistributed
202211_113.9432455_22.587066.png,202211_113.9432455_22.587066.png,../../../dataset/202211_113.9432455_22.587066.png,113.9432455,22.587066,Ma and Kwan (2026) local author image export,restricted-local; raw image not redistributed
202211_113.9570976_22.583883199999995.png,202211_113.9570976_22.583883199999995.png,../../../dataset/202211_113.9570976_22.583883199999995.png,113.9570976,22.583883199999995,Ma and Kwan (2026) local author image export,restricted-local; raw image not redistributed
202211_113.95836790652298_22.69236529229209.png,202211_113.95836790652298_22.69236529229209.png,../../../dataset/202211_113.95836790652298_22.69236529229209.png,113.95836790652298,22.69236529229209,Ma and Kwan (2026) local author image export,restricted-local; raw image not redistributed
202211_113.9724363_22.693400699999998.png,202211_113.9724363_22.693400699999998.png,../../../dataset/202211_113.9724363_22.6934007.png,113.9724363,22.693400699999998,Ma and Kwan (2026) local author image export,restricted-local; raw image not redistributed
202211_113.98367039433224_22.672815120621834.png,202211_113.98367039433224_22.672815120621834.png,../../../dataset/202211_113.98367039433224_22.672815120621834.png,113.98367039433224,22.672815120621834,Ma and Kwan (2026) local author image export,restricted-local; raw image not redistributed
202211_113.9858528_22.704467899999997.png,202211_113.9858528_22.704467899999997.png,../../../dataset/202211_113.9858528_22.7044679.png,113.9858528,22.704467899999997,Ma and Kwan (2026) local author image export,restricted-local; raw image not redistributed
202211_113.9905027_22.681737499999997.png,202211_113.9905027_22.681737499999997.png,../../../dataset/202211_113.9905027_22.6817375.png,113.9905027,22.681737499999997,Ma and Kwan (2026) local author image export,restricted-local; raw image not redistributed
202211_113.996054_22.668308199999995.png,202211_113.996054_22.668308199999995.png,../../../dataset/202211_113.996054_22.668308199999995.png,113.996054,22.668308199999995,Ma and Kwan (2026) local author image export,restricted-local; raw image not redistributed
202211_113.9984381_22.681373299999997.png,202211_113.9984381_22.681373299999997.png,../../../dataset/202211_113.9984381_22.6813733.png,113.9984381,22.681373299999997,Ma and Kwan (2026) local author image export,restricted-local; raw image not redistributed
202211_114.001936_22.656943199999997.png,202211_114.001936_22.656943199999997.png,../../../dataset/202211_114.001936_22.6569432.png,114.001936,22.656943199999997,Ma and Kwan (2026) local author image export,restricted-local; raw image not redistributed
202211_114.0032842_22.655026699999997.png,202211_114.0032842_22.655026699999997.png,../../../dataset/202211_114.0032842_22.6550267.png,114.0032842,22.655026699999997,Ma and Kwan (2026) local author image export,restricted-local; raw image not redistributed
202211_114.0051723768474_22.681067740455443.png,202211_114.0051723768474_22.681067740455443.png,../../../dataset/202211_114.0051723768474_22.681067740455443.png,114.0051723768474,22.681067740455443,Ma and Kwan (2026) local author image export,restricted-local; raw image not redistributed
202211_114.0078292_22.639066599999996.png,202211_114.0078292_22.639066599999996.png,../../../dataset/202211_114.0078292_22.6390666.png,114.0078292,22.639066599999996,Ma and Kwan (2026) local author image export,restricted-local; raw image not redistributed
202211_114.01052248887245_22.649428427414882.png,202211_114.01052248887245_22.649428427414882.png,../../../dataset/202211_114.01052248887244_22.64942842741488.png,114.01052248887245,22.649428427414882,Ma and Kwan (2026) local author image export,restricted-local; raw image not redistributed
202211_114.01569978609133_22.728512338937833.png,202211_114.01569978609133_22.728512338937833.png,../../../dataset/202211_114.01569978609132_22.72851233893784.png,114.01569978609133,22.728512338937833,Ma and Kwan (2026) local author image export,restricted-local; raw image not redistributed
202211_114.0163689_22.653706200000002.png,202211_114.0163689_22.653706200000002.png,../../../dataset/202211_114.0163689_22.6537062.png,114.0163689,22.653706200000002,Ma and Kwan (2026) local author image export,restricted-local; raw image not redistributed
202211_114.0191639_22.662296299999998.png,202211_114.0191639_22.662296299999998.png,../../../dataset/202211_114.0191639_22.6622963.png,114.0191639,22.662296299999998,Ma and Kwan (2026) local author image export,restricted-local; raw image not redistributed
202211_114.02076763342716_22.6417675560083.png,202211_114.02076763342716_22.6417675560083.png,../../../dataset/202211_114.02076763342716_22.6417675560083.png,114.02076763342716,22.6417675560083,Ma and Kwan (2026) local author image export,restricted-local; raw image not redistributed
202211_114.0226689_22.6581417.png,202211_114.0226689_22.6581417.png,../../../dataset/202211_114.0226689_22.6581417.png,114.0226689,22.6581417,Ma and Kwan (2026) local author image export,restricted-local; raw image not redistributed
202211_114.02556840000001_22.630214099999996.png,202211_114.02556840000001_22.630214099999996.png,../../../dataset/202211_114.0255684_22.6302141.png,114.02556840000001,22.630214099999996,Ma and Kwan (2026) local author image export,restricted-local; raw image not redistributed
202211_114.0271165_22.5685268.png,202211_114.0271165_22.5685268.png,../../../dataset/202211_114.0271165_22.5685268.png,114.0271165,22.5685268,Ma and Kwan (2026) local author image export,restricted-local; raw image not redistributed
202211_114.02749850000001_22.661723400000003.png,202211_114.02749850000001_22.661723400000003.png,../../../dataset/202211_114.0274985_22.661723400000003.png,114.02749850000001,22.661723400000003,Ma and Kwan (2026) local author image export,restricted-local; raw image not redistributed
202211_114.0294217_22.556639199999996.png,202211_114.0294217_22.556639199999996.png,../../../dataset/202211_114.0294217_22.5566392.png,114.0294217,22.556639199999996,Ma and Kwan (2026) local author image export,restricted-local; raw image not redistributed
202211_114.0314997_22.736269000000007.png,202211_114.0314997_22.736269000000007.png,../../../dataset/202211_114.0314997_22.736269000000007.png,114.0314997,22.736269000000007,Ma and Kwan (2026) local author image export,restricted-local; raw image not redistributed
202211_114.0336272_22.661090499999997.png,202211_114.0336272_22.661090499999997.png,../../../dataset/202211_114.0336272_22.6610905.png,114.0336272,22.661090499999997,Ma and Kwan (2026) local author image export,restricted-local; raw image not redistributed
202211_114.0358766_22.6473671.png,202211_114.0358766_22.6473671.png,../../../dataset/202211_114.0358766_22.6473671.png,114.0358766,22.6473671,Ma and Kwan (2026) local author image export,restricted-local; raw image not redistributed
202211_114.03708640000002_22.7299134.png,202211_114.03708640000002_22.7299134.png,../../../dataset/202211_114.03708640000002_22.7299134.png,114.03708640000002,22.7299134,Ma and Kwan (2026) local author image export,restricted-local; raw image not redistributed
202211_114.0383343_22.670064099999998.png,202211_114.0383343_22.670064099999998.png,../../../dataset/202211_114.0383343_22.6700641.png,114.0383343,22.670064099999998,Ma and Kwan (2026) local author image export,restricted-local; raw image not redistributed
202211_114.03978245388089_22.60607904267013.png,202211_114.03978245388089_22.60607904267013.png,../../../dataset/202211_114.03978245388087_22.60607904267013.png,114.03978245388089,22.60607904267013,Ma and Kwan (2026) local author image export,restricted-local; raw image not redistributed
202211_114.0411497_22.561641499999997.png,202211_114.0411497_22.561641499999997.png,../../../dataset/202211_114.0411497_22.5616415.png,114.0411497,22.561641499999997,Ma and Kwan (2026) local author image export,restricted-local; raw image not redistributed
202211_114.0438439_22.556771700000002.png,202211_114.0438439_22.556771700000002.png,../../../dataset/202211_114.0438439_22.5567717.png,114.0438439,22.556771700000002,Ma and Kwan (2026) local author image export,restricted-local; raw image not redistributed
202211_114.044294_22.550718700000004.png,202211_114.044294_22.550718700000004.png,../../../dataset/202211_114.044294_22.550718700000004.png,114.044294,22.550718700000004,Ma and Kwan (2026) local author image export,restricted-local; raw image not redistributed
202211_114.0445563_22.536196300000004.png,202211_114.0445563_22.536196300000004.png,../../../dataset/202211_114.0445563_22.536196300000004.png,114.0445563,22.536196300000004,Ma and Kwan (2026) local author image export,restricted-local; raw image not redistributed
202211_114.0510165_22.551339899999995.png,202211_114.0510165_22.551339899999995.png,../../../dataset/202211_114.0510165_22.551339899999995.png,114.0510165,22.551339899999995,Ma and Kwan (2026) local author image export,restricted-local; raw image not redistributed
202211_114.0519255_22.7122363.png,202211_114.0519255_22.7122363.png,../../../dataset/202211_114.0519255_22.7122363.png,114.0519255,22.7122363,Ma and Kwan (2026) local author image export,restricted-local; raw image not redistributed
202211_114.0544058_22.6444327.png,202211_114.0544058_22.6444327.png,../../../dataset/202211_114.0544058_22.6444327.png,114.0544058,22.6444327,Ma and Kwan (2026) local author image export,restricted-local; raw image not redistributed
202211_114.0558493_22.615251100000002.png,202211_114.0558493_22.615251100000002.png,../../../dataset/202211_114.0558493_22.6152511.png,114.0558493,22.615251100000002,Ma and Kwan (2026) local author image export,restricted-local; raw image not redistributed
202211_114.0578282_22.578562.png,202211_114.0578282_22.578562.png,../../../dataset/202211_114.0578282_22.578562.png,114.0578282,22.578562,Ma and Kwan (2026) local author image export,restricted-local; raw image not redistributed
202211_114.05853155717254_22.724492512449242.png,202211_114.05853155717254_22.724492512449242.png,../../../dataset/202211_114.05853155717254_22.72449251244924.png,114.05853155717254,22.724492512449242,Ma and Kwan (2026) local author image export,restricted-local; raw image not redistributed
202211_114.059173_22.6942178.png,202211_114.059173_22.6942178.png,../../../dataset/202211_114.059173_22.6942178.png,114.059173,22.6942178,Ma and Kwan (2026) local author image export,restricted-local; raw image not redistributed
202211_114.0597178_22.624512499999994.png,202211_114.0597178_22.624512499999994.png,../../../dataset/202211_114.0597178_22.624512499999994.png,114.0597178,22.624512499999994,Ma and Kwan (2026) local author image export,restricted-local; raw image not redistributed
202211_114.0627656_22.5229418.png,202211_114.0627656_22.5229418.png,../../../dataset/202211_114.0627656_22.5229418.png,114.0627656,22.5229418,Ma and Kwan (2026) local author image export,restricted-local; raw image not redistributed
202211_114.06487710000002_22.633098699999998.png,202211_114.06487710000002_22.633098699999998.png,../../../dataset/202211_114.06487710000002_22.6330987.png,114.06487710000002,22.633098699999998,Ma and Kwan (2026) local author image export,restricted-local; raw image not redistributed
202211_114.0665036_22.627860199999997.png,202211_114.0665036_22.627860199999997.png,../../../dataset/202211_114.0665036_22.6278602.png,114.0665036,22.627860199999997,Ma and Kwan (2026) local author image export,restricted-local; raw image not redistributed
202211_114.0679141_22.563537199999995.png,202211_114.0679141_22.563537199999995.png,../../../dataset/202211_114.0679141_22.563537199999995.png,114.0679141,22.563537199999995,Ma and Kwan (2026) local author image export,restricted-local; raw image not redistributed
202211_114.0714429_22.5480405.png,202211_114.0714429_22.5480405.png,../../../dataset/202211_114.0714429_22.5480405.png,114.0714429,22.5480405,Ma and Kwan (2026) local author image export,restricted-local; raw image not redistributed
202211_114.0746631_22.6338718.png,202211_114.0746631_22.6338718.png,../../../dataset/202211_114.0746631_22.6338718.png,114.0746631,22.6338718,Ma and Kwan (2026) local author image export,restricted-local; raw image not redistributed
202211_114.09092050000001_22.701566099999997.png,202211_114.09092050000001_22.701566099999997.png,../../../dataset/202211_114.0909205_22.7015661.png,114.09092050000001,22.701566099999997,Ma and Kwan (2026) local author image export,restricted-local; raw image not redistributed
202211_114.0909805_22.5517268.png,202211_114.0909805_22.5517268.png,../../../dataset/202211_114.0909805_22.5517268.png,114.0909805,22.5517268,Ma and Kwan (2026) local author image export,restricted-local; raw image not redistributed
202211_114.0963676_22.572977699999996.png,202211_114.0963676_22.572977699999996.png,../../../dataset/202211_114.0963676_22.5729777.png,114.0963676,22.572977699999996,Ma and Kwan (2026) local author image export,restricted-local; raw image not redistributed
202211_114.1035643_22.6872075.png,202211_114.1035643_22.6872075.png,../../../dataset/202211_114.1035643_22.6872075.png,114.1035643,22.6872075,Ma and Kwan (2026) local author image export,restricted-local; raw image not redistributed
202211_114.10629653022042_22.69430970272127.png,202211_114.10629653022042_22.69430970272127.png,../../../dataset/202211_114.10629653022042_22.69430970272127.png,114.10629653022042,22.69430970272127,Ma and Kwan (2026) local author image export,restricted-local; raw image not redistributed
202211_114.1079496_22.572552100000003.png,202211_114.1079496_22.572552100000003.png,../../../dataset/202211_114.1079496_22.572552100000003.png,114.1079496,22.572552100000003,Ma and Kwan (2026) local author image export,restricted-local; raw image not redistributed
202211_114.112463_22.71322719999999.png,202211_114.112463_22.71322719999999.png,../../../dataset/202211_114.112463_22.71322719999999.png,114.112463,22.71322719999999,Ma and Kwan (2026) local author image export,restricted-local; raw image not redistributed
202211_114.1129015_22.5992305.png,202211_114.1129015_22.5992305.png,../../../dataset/202211_114.1129015_22.5992305.png,114.1129015,22.5992305,Ma and Kwan (2026) local author image export,restricted-local; raw image not redistributed
202211_114.1182373_22.5657563.png,202211_114.1182373_22.5657563.png,../../../dataset/202211_114.1182373_22.5657563.png,114.1182373,22.5657563,Ma and Kwan (2026) local author image export,restricted-local; raw image not redistributed
202211_114.1204075_22.6482116.png,202211_114.1204075_22.6482116.png,../../../dataset/202211_114.1204075_22.6482116.png,114.1204075,22.6482116,Ma and Kwan (2026) local author image export,restricted-local; raw image not redistributed
202211_114.1265996_22.6505152.png,202211_114.1265996_22.6505152.png,../../../dataset/202211_114.1265996_22.6505152.png,114.1265996,22.6505152,Ma and Kwan (2026) local author image export,restricted-local; raw image not redistributed
202211_114.1297294_22.571899599999995.png,202211_114.1297294_22.571899599999995.png,../../../dataset/202211_114.1297294_22.571899599999995.png,114.1297294,22.571899599999995,Ma and Kwan (2026) local author image export,restricted-local; raw image not redistributed
202211_114.1347208_22.689938899999998.png,202211_114.1347208_22.689938899999998.png,../../../dataset/202211_114.1347208_22.6899389.png,114.1347208,22.689938899999998,Ma and Kwan (2026) local author image export,restricted-local; raw image not redistributed
202211_114.1362693_22.6242506.png,202211_114.1362693_22.6242506.png,../../../dataset/202211_114.1362693_22.6242506.png,114.1362693,22.6242506,Ma and Kwan (2026) local author image export,restricted-local; raw image not redistributed
202211_114.1413619_22.633429600000003.png,202211_114.1413619_22.633429600000003.png,../../../dataset/202211_114.1413619_22.633429600000003.png,114.1413619,22.633429600000003,Ma and Kwan (2026) local author image export,restricted-local; raw image not redistributed
202211_114.1486314_22.6915968.png,202211_114.1486314_22.6915968.png,../../../dataset/202211_114.1486314_22.6915968.png,114.1486314,22.6915968,Ma and Kwan (2026) local author image export,restricted-local; raw image not redistributed
202211_114.1655038_22.5668733.png,202211_114.1655038_22.5668733.png,../../../dataset/202211_114.1655038_22.5668733.png,114.1655038,22.5668733,Ma and Kwan (2026) local author image export,restricted-local; raw image not redistributed
202211_114.1903821_22.654378699999995.png,202211_114.1903821_22.654378699999995.png,../../../dataset/202211_114.1903821_22.654378699999995.png,114.1903821,22.654378699999995,Ma and Kwan (2026) local author image export,restricted-local; raw image not redistributed
202211_114.19179562381086_22.63432322223352.png,202211_114.19179562381086_22.63432322223352.png,../../../dataset/202211_114.19179562381086_22.63432322223352.png,114.19179562381086,22.63432322223352,Ma and Kwan (2026) local author image export,restricted-local; raw image not redistributed
202211_114.2071742_22.712280299999996.png,202211_114.2071742_22.712280299999996.png,../../../dataset/202211_114.2071742_22.7122803.png,114.2071742,22.712280299999996,Ma and Kwan (2026) local author image export,restricted-local; raw image not redistributed
202211_114.2111792_22.658679700000004.png,202211_114.2111792_22.658679700000004.png,../../../dataset/202211_114.2111792_22.658679700000004.png,114.2111792,22.658679700000004,Ma and Kwan (2026) local author image export,restricted-local; raw image not redistributed
202211_114.2152921_22.6662057.png,202211_114.2152921_22.6662057.png,../../../dataset/202211_114.2152921_22.6662057.png,114.2152921,22.6662057,Ma and Kwan (2026) local author image export,restricted-local; raw image not redistributed
202211_114.216765_22.6974888.png,202211_114.216765_22.6974888.png,../../../dataset/202211_114.216765_22.6974888.png,114.216765,22.6974888,Ma and Kwan (2026) local author image export,restricted-local; raw image not redistributed
202211_114.21723136608922_22.72370956084027.png,202211_114.21723136608922_22.72370956084027.png,../../../dataset/202211_114.21723136608922_22.72370956084027.png,114.21723136608922,22.72370956084027,Ma and Kwan (2026) local author image export,restricted-local; raw image not redistributed
202211_114.2197791_22.7005555.png,202211_114.2197791_22.7005555.png,../../../dataset/202211_114.2197791_22.7005555.png,114.2197791,22.7005555,Ma and Kwan (2026) local author image export,restricted-local; raw image not redistributed
202211_114.22552806929458_22.72382851725978.png,202211_114.22552806929458_22.72382851725978.png,../../../dataset/202211_114.22552806929458_22.72382851725978.png,114.22552806929458,22.72382851725978,Ma and Kwan (2026) local author image export,restricted-local; raw image not redistributed
202211_114.22642830617639_22.700759857544092.png,202211_114.22642830617639_22.700759857544092.png,../../../dataset/202211_114.2264283061764_22.70075985754409.png,114.22642830617639,22.700759857544092,Ma and Kwan (2026) local author image export,restricted-local; raw image not redistributed
202211_114.2273256_22.557942800000003.png,202211_114.2273256_22.557942800000003.png,../../../dataset/202211_114.2273256_22.557942800000003.png,114.2273256,22.557942800000003,Ma and Kwan (2026) local author image export,restricted-local; raw image not redistributed
202211_114.23005136136408_22.7412320600931.png,202211_114.23005136136408_22.7412320600931.png,../../../dataset/202211_114.23005136136408_22.7412320600931.png,114.23005136136408,22.7412320600931,Ma and Kwan (2026) local author image export,restricted-local; raw image not redistributed
202211_114.2301294_22.737622900000005.png,202211_114.2301294_22.737622900000005.png,../../../dataset/202211_114.2301294_22.737622900000005.png,114.2301294,22.737622900000005,Ma and Kwan (2026) local author image export,restricted-local; raw image not redistributed
202211_114.23443416997084_22.70443946701597.png,202211_114.23443416997084_22.70443946701597.png,../../../dataset/202211_114.23443416997084_22.70443946701597.png,114.23443416997084,22.70443946701597,Ma and Kwan (2026) local author image export,restricted-local; raw image not redistributed
202211_114.2361757_22.730064800000008.png,202211_114.2361757_22.730064800000008.png,../../../dataset/202211_114.2361757_22.730064800000008.png,114.2361757,22.730064800000008,Ma and Kwan (2026) local author image export,restricted-local; raw image not redistributed
202211_114.24092502102194_22.72834490326265.png,202211_114.24092502102194_22.72834490326265.png,../../../dataset/202211_114.24092502102194_22.72834490326265.png,114.24092502102194,22.72834490326265,Ma and Kwan (2026) local author image export,restricted-local; raw image not redistributed
202211_114.2417927_22.721100999999997.png,202211_114.2417927_22.721100999999997.png,../../../dataset/202211_114.2417927_22.721101.png,114.2417927,22.721100999999997,Ma and Kwan (2026) local author image export,restricted-local; raw image not redistributed
202211_114.25240049211995_22.71598604493676.png,202211_114.25240049211995_22.71598604493676.png,../../../dataset/202211_114.25240049211996_22.71598604493676.png,114.25240049211995,22.71598604493676,Ma and Kwan (2026) local author image export,restricted-local; raw image not redistributed
202211_114.2553826_22.7219132.png,202211_114.2553826_22.7219132.png,../../../dataset/202211_114.2553826_22.7219132.png,114.2553826,22.7219132,Ma and Kwan (2026) local author image export,restricted-local; raw image not redistributed
202211_114.2597717_22.748227099999998.png,202211_114.2597717_22.748227099999998.png,../../../dataset/202211_114.2597717_22.7482271.png,114.2597717,22.748227099999998,Ma and Kwan (2026) local author image export,restricted-local; raw image not redistributed
202211_114.2690539_22.690821300000003.png,202211_114.2690539_22.690821300000003.png,../../../dataset/202211_114.2690539_22.690821300000003.png,114.2690539,22.690821300000003,Ma and Kwan (2026) local author image export,restricted-local; raw image not redistributed
202211_114.2760337_22.7631342.png,202211_114.2760337_22.7631342.png,../../../dataset/202211_114.2760337_22.7631342.png,114.2760337,22.7631342,Ma and Kwan (2026) local author image export,restricted-local; raw image not redistributed
202211_114.28544010000002_22.781407799999997.png,202211_114.28544010000002_22.781407799999997.png,../../../dataset/202211_114.28544010000002_22.7814078.png,114.28544010000002,22.781407799999997,Ma and Kwan (2026) local author image export,restricted-local; raw image not redistributed
202211_114.2873667_22.697519499999995.png,202211_114.2873667_22.697519499999995.png,../../../dataset/202211_114.2873667_22.697519499999995.png,114.2873667,22.697519499999995,Ma and Kwan (2026) local author image export,restricted-local; raw image not redistributed
202211_114.29145377862082_22.72440749735727.png,202211_114.29145377862082_22.72440749735727.png,../../../dataset/202211_114.29145377862082_22.72440749735727.png,114.29145377862082,22.72440749735727,Ma and Kwan (2026) local author image export,restricted-local; raw image not redistributed
202211_114.2954426_22.676837.png,202211_114.2954426_22.676837.png,../../../dataset/202211_114.2954426_22.676837.png,114.2954426,22.676837,Ma and Kwan (2026) local author image export,restricted-local; raw image not redistributed
202211_114.3011382_22.6976226.png,202211_114.3011382_22.6976226.png,../../../dataset/202211_114.3011382_22.6976226.png,114.3011382,22.6976226,Ma and Kwan (2026) local author image export,restricted-local; raw image not redistributed
202211_114.30676170000001_22.6703835.png,202211_114.30676170000001_22.6703835.png,../../../dataset/202211_114.3067617_22.6703835.png,114.30676170000001,22.6703835,Ma and Kwan (2026) local author image export,restricted-local; raw image not redistributed
202211_114.3072554_22.766458099999998.png,202211_114.3072554_22.766458099999998.png,../../../dataset/202211_114.3072554_22.7664581.png,114.3072554,22.766458099999998,Ma and Kwan (2026) local author image export,restricted-local; raw image not redistributed
202211_114.31441280650962_22.67996343438464.png,202211_114.31441280650962_22.67996343438464.png,../../../dataset/202211_114.31441280650962_22.67996343438464.png,114.31441280650962,22.67996343438464,Ma and Kwan (2026) local author image export,restricted-local; raw image not redistributed
202211_114.3162351_22.766853299999998.png,202211_114.3162351_22.766853299999998.png,../../../dataset/202211_114.3162351_22.7668533.png,114.3162351,22.766853299999998,Ma and Kwan (2026) local author image export,restricted-local; raw image not redistributed
202211_114.3254350036764_22.68151625721614.png,202211_114.3254350036764_22.68151625721614.png,../../../dataset/202211_114.3254350036764_22.68151625721614.png,114.3254350036764,22.68151625721614,Ma and Kwan (2026) local author image export,restricted-local; raw image not redistributed
202211_114.33041262094612_22.699174530065097.png,202211_114.33041262094612_22.699174530065097.png,../../../dataset/202211_114.33041262094612_22.699174530065097.png,114.33041262094612,22.699174530065097,Ma and Kwan (2026) local author image export,restricted-local; raw image not redistributed
202211_114.3351278_22.708945700000005.png,202211_114.3351278_22.708945700000005.png,../../../dataset/202211_114.3351278_22.708945700000005.png,114.3351278,22.708945700000005,Ma and Kwan (2026) local author image export,restricted-local; raw image not redistributed
202211_114.3404670682303_22.697019432676996.png,202211_114.3404670682303_22.697019432676996.png,../../../dataset/202211_114.3404670682303_22.697019432677.png,114.3404670682303,22.697019432676996,Ma and Kwan (2026) local author image export,restricted-local; raw image not redistributed
202211_114.3459751_22.707297799999996.png,202211_114.3459751_22.707297799999996.png,../../../dataset/202211_114.3459751_22.7072978.png,114.3459751,22.707297799999996,Ma and Kwan (2026) local author image export,restricted-local; raw image not redistributed
202211_114.3511078_22.681715400000005.png,202211_114.3511078_22.681715400000005.png,../../../dataset/202211_114.3511078_22.681715400000005.png,114.3511078,22.681715400000005,Ma and Kwan (2026) local author image export,restricted-local; raw image not redistributed
202211_114.3569203_22.6889893.png,202211_114.3569203_22.6889893.png,../../../dataset/202211_114.3569203_22.6889893.png,114.3569203,22.6889893,Ma and Kwan (2026) local author image export,restricted-local; raw image not redistributed
202211_114.3658786_22.743978499999994.png,202211_114.3658786_22.743978499999994.png,../../../dataset/202211_114.3658786_22.7439785.png,114.3658786,22.743978499999994,Ma and Kwan (2026) local author image export,restricted-local; raw image not redistributed
202211_114.368547_22.736087599999998.png,202211_114.368547_22.736087599999998.png,../../../dataset/202211_114.368547_22.7360876.png,114.368547,22.736087599999998,Ma and Kwan (2026) local author image export,restricted-local; raw image not redistributed
202211_114.37215326558275_22.730109705730648.png,202211_114.37215326558275_22.730109705730648.png,../../../dataset/202211_114.37215326558275_22.730109705730648.png,114.37215326558275,22.730109705730648,Ma and Kwan (2026) local author image export,restricted-local; raw image not redistributed
202211_114.3734899_22.7272945.png,202211_114.3734899_22.7272945.png,../../../dataset/202211_114.3734899_22.7272945.png,114.3734899,22.7272945,Ma and Kwan (2026) local author image export,restricted-local; raw image not redistributed
202211_114.3769458_22.689101.png,202211_114.3769458_22.689101.png,../../../dataset/202211_114.3769458_22.689101.png,114.3769458,22.689101,Ma and Kwan (2026) local author image export,restricted-local; raw image not redistributed
202211_114.38063190000001_22.6953099.png,202211_114.38063190000001_22.6953099.png,../../../dataset/202211_114.3806319_22.6953099.png,114.38063190000001,22.6953099,Ma and Kwan (2026) local author image export,restricted-local; raw image not redistributed
202211_114.40298750000001_22.696152799999997.png,202211_114.40298750000001_22.696152799999997.png,../../../dataset/202211_114.4029875_22.6961528.png,114.40298750000001,22.696152799999997,Ma and Kwan (2026) local author image export,restricted-local; raw image not redistributed
202212_113.77643691902465_22.689496014406288.png,202212_113.77643691902465_22.689496014406288.png,../../../dataset/202212_113.77643691902465_22.689496014406288.png,113.77643691902465,22.689496014406288,Ma and Kwan (2026) local author image export,restricted-local; raw image not redistributed
202212_113.7773688_22.700072399999996.png,202212_113.7773688_22.700072399999996.png,../../../dataset/202212_113.7773688_22.7000724.png,113.7773688,22.700072399999996,Ma and Kwan (2026) local author image export,restricted-local; raw image not redistributed
202212_113.78080880458923_22.697984700257628.png,202212_113.78080880458923_22.697984700257628.png,../../../dataset/202212_113.78080880458924_22.697984700257628.png,113.78080880458923,22.697984700257628,Ma and Kwan (2026) local author image export,restricted-local; raw image not redistributed
202212_113.7951026_22.699638300000004.png,202212_113.7951026_22.699638300000004.png,../../../dataset/202212_113.7951026_22.699638300000004.png,113.7951026,22.699638300000004,Ma and Kwan (2026) local author image export,restricted-local; raw image not redistributed
202212_113.79688929487973_22.680480331073678.png,202212_113.79688929487973_22.680480331073678.png,../../../dataset/202212_113.79688929487972_22.68048033107368.png,113.79688929487973,22.680480331073678,Ma and Kwan (2026) local author image export,restricted-local; raw image not redistributed
202212_113.8052854_22.6785739.png,202212_113.8052854_22.6785739.png,../../../dataset/202212_113.8052854_22.6785739.png,113.8052854,22.6785739,Ma and Kwan (2026) local author image export,restricted-local; raw image not redistributed
202212_113.81152624040243_22.669452211760223.png,202212_113.81152624040243_22.669452211760223.png,../../../dataset/202212_113.81152624040244_22.669452211760223.png,113.81152624040243,22.669452211760223,Ma and Kwan (2026) local author image export,restricted-local; raw image not redistributed
202212_113.8150205_22.6618553.png,202212_113.8150205_22.6618553.png,../../../dataset/202212_113.8150205_22.6618553.png,113.8150205,22.6618553,Ma and Kwan (2026) local author image export,restricted-local; raw image not redistributed
202212_113.822997_22.673369699999995.png,202212_113.822997_22.673369699999995.png,../../../dataset/202212_113.822997_22.673369699999995.png,113.822997,22.673369699999995,Ma and Kwan (2026) local author image export,restricted-local; raw image not redistributed
202212_113.8333147_22.5931892.png,202212_113.8333147_22.5931892.png,../../../dataset/202212_113.8333147_22.5931892.png,113.8333147,22.5931892,Ma and Kwan (2026) local author image export,restricted-local; raw image not redistributed
202212_113.84548710000001_22.595948799999995.png,202212_113.84548710000001_22.595948799999995.png,../../../dataset/202212_113.8454871_22.595948799999995.png,113.84548710000001,22.595948799999995,Ma and Kwan (2026) local author image export,restricted-local; raw image not redistributed
202212_113.8455067_22.571828900000003.png,202212_113.8455067_22.571828900000003.png,../../../dataset/202212_113.8455067_22.571828900000003.png,113.8455067,22.571828900000003,Ma and Kwan (2026) local author image export,restricted-local; raw image not redistributed
202212_113.8545129_22.757254.png,202212_113.8545129_22.757254.png,../../../dataset/202212_113.8545129_22.757254.png,113.8545129,22.757254,Ma and Kwan (2026) local author image export,restricted-local; raw image not redistributed
202212_113.8597812_22.757076.png,202212_113.8597812_22.757076.png,../../../dataset/202212_113.8597812_22.757076.png,113.8597812,22.757076,Ma and Kwan (2026) local author image export,restricted-local; raw image not redistributed
202212_113.86139183326183_22.587593857146626.png,202212_113.86139183326183_22.587593857146626.png,../../../dataset/202212_113.86139183326183_22.587593857146626.png,113.86139183326183,22.587593857146626,Ma and Kwan (2026) local author image export,restricted-local; raw image not redistributed
202212_113.86693239299775_22.5059467417505.png,202212_113.86693239299775_22.5059467417505.png,../../../dataset/202212_113.86693239299775_22.5059467417505.png,113.86693239299775,22.5059467417505,Ma and Kwan (2026) local author image export,restricted-local; raw image not redistributed
202212_113.8680685_22.5560727.png,202212_113.8680685_22.5560727.png,../../../dataset/202212_113.8680685_22.5560727.png,113.8680685,22.5560727,Ma and Kwan (2026) local author image export,restricted-local; raw image not redistributed
202212_113.87041220000002_22.5580962.png,202212_113.87041220000002_22.5580962.png,../../../dataset/202212_113.87041220000002_22.5580962.png,113.87041220000002,22.5580962,Ma and Kwan (2026) local author image export,restricted-local; raw image not redistributed
202212_113.8707263_22.568021299999998.png,202212_113.8707263_22.568021299999998.png,../../../dataset/202212_113.8707263_22.5680213.png,113.8707263,22.568021299999998,Ma and Kwan (2026) local author image export,restricted-local; raw image not redistributed
202212_113.8757923_22.514260899999996.png,202212_113.8757923_22.514260899999996.png,../../../dataset/202212_113.8757923_22.5142609.png,113.8757923,22.514260899999996,Ma and Kwan (2026) local author image export,restricted-local; raw image not redistributed
202212_113.87765440000001_22.775584799999997.png,202212_113.87765440000001_22.775584799999997.png,../../../dataset/202212_113.8776544_22.7755848.png,113.87765440000001,22.775584799999997,Ma and Kwan (2026) local author image export,restricted-local; raw image not redistributed
202212_113.8790194_22.5608856.png,202212_113.8790194_22.5608856.png,../../../dataset/202212_113.8790194_22.5608856.png,113.8790194,22.5608856,Ma and Kwan (2026) local author image export,restricted-local; raw image not redistributed
202212_113.881676_22.5046663.png,202212_113.881676_22.5046663.png,../../../dataset/202212_113.881676_22.5046663.png,113.881676,22.5046663,Ma and Kwan (2026) local author image export,restricted-local; raw image not redistributed
202212_113.8839338_22.792216499999995.png,202212_113.8839338_22.792216499999995.png,../../../dataset/202212_113.8839338_22.792216499999995.png,113.8839338,22.792216499999995,Ma and Kwan (2026) local author image export,restricted-local; raw image not redistributed
202212_113.8850943_22.7812449.png,202212_113.8850943_22.7812449.png,../../../dataset/202212_113.8850943_22.7812449.png,113.8850943,22.7812449,Ma and Kwan (2026) local author image export,restricted-local; raw image not redistributed
202212_113.8871212311432_22.59073404108649.png,202212_113.8871212311432_22.59073404108649.png,../../../dataset/202212_113.8871212311432_22.59073404108649.png,113.8871212311432,22.59073404108649,Ma and Kwan (2026) local author image export,restricted-local; raw image not redistributed
202212_113.8873515_22.494999999999997.png,202212_113.8873515_22.494999999999997.png,../../../dataset/202212_113.8873515_22.495.png,113.8873515,22.494999999999997,Ma and Kwan (2026) local author image export,restricted-local; raw image not redistributed
202212_113.891474774064_22.785579979547432.png,202212_113.891474774064_22.785579979547432.png,../../../dataset/202212_113.891474774064_22.785579979547432.png,113.891474774064,22.785579979547432,Ma and Kwan (2026) local author image export,restricted-local; raw image not redistributed
202212_113.8915262_22.7874822.png,202212_113.8915262_22.7874822.png,../../../dataset/202212_113.8915262_22.7874822.png,113.8915262,22.7874822,Ma and Kwan (2026) local author image export,restricted-local; raw image not redistributed
202212_113.89180624418951_22.79290449136687.png,202212_113.89180624418951_22.79290449136687.png,../../../dataset/202212_113.89180624418952_22.79290449136687.png,113.89180624418951,22.79290449136687,Ma and Kwan (2026) local author image export,restricted-local; raw image not redistributed
202212_113.8943005_22.776301499999995.png,202212_113.8943005_22.776301499999995.png,../../../dataset/202212_113.8943005_22.776301499999995.png,113.8943005,22.776301499999995,Ma and Kwan (2026) local author image export,restricted-local; raw image not redistributed
202212_113.8982409_22.550873.png,202212_113.8982409_22.550873.png,../../../dataset/202212_113.8982409_22.550873.png,113.8982409,22.550873,Ma and Kwan (2026) local author image export,restricted-local; raw image not redistributed
202212_113.89919588637308_22.514262033985645.png,202212_113.89919588637308_22.514262033985645.png,../../../dataset/202212_113.89919588637308_22.514262033985645.png,113.89919588637308,22.514262033985645,Ma and Kwan (2026) local author image export,restricted-local; raw image not redistributed
202212_113.90245330000002_22.580992999999996.png,202212_113.90245330000002_22.580992999999996.png,../../../dataset/202212_113.90245330000002_22.580993.png,113.90245330000002,22.580992999999996,Ma and Kwan (2026) local author image export,restricted-local; raw image not redistributed
202212_113.9048747_22.5351983.png,202212_113.9048747_22.5351983.png,../../../dataset/202212_113.9048747_22.5351983.png,113.9048747,22.5351983,Ma and Kwan (2026) local author image export,restricted-local; raw image not redistributed
202212_113.9088971_22.5624485.png,202212_113.9088971_22.5624485.png,../../../dataset/202212_113.9088971_22.5624485.png,113.9088971,22.5624485,Ma and Kwan (2026) local author image export,restricted-local; raw image not redistributed
202212_113.909758_22.487155499999997.png,202212_113.909758_22.487155499999997.png,../../../dataset/202212_113.909758_22.4871555.png,113.909758,22.487155499999997,Ma and Kwan (2026) local author image export,restricted-local; raw image not redistributed
202212_113.9112664_22.481579000000004.png,202212_113.9112664_22.481579000000004.png,../../../dataset/202212_113.9112664_22.481579000000004.png,113.9112664,22.481579000000004,Ma and Kwan (2026) local author image export,restricted-local; raw image not redistributed
202212_113.9144565_22.508373499999998.png,202212_113.9144565_22.508373499999998.png,../../../dataset/202212_113.9144565_22.5083735.png,113.9144565,22.508373499999998,Ma and Kwan (2026) local author image export,restricted-local; raw image not redistributed
202212_113.9169837_22.524702500000004.png,202212_113.9169837_22.524702500000004.png,../../../dataset/202212_113.9169837_22.524702500000004.png,113.9169837,22.524702500000004,Ma and Kwan (2026) local author image export,restricted-local; raw image not redistributed
202212_113.9185767_22.7716986.png,202212_113.9185767_22.7716986.png,../../../dataset/202212_113.9185767_22.7716986.png,113.9185767,22.7716986,Ma and Kwan (2026) local author image export,restricted-local; raw image not redistributed
202212_113.9200199_22.4932087.png,202212_113.9200199_22.4932087.png,../../../dataset/202212_113.9200199_22.4932087.png,113.9200199,22.4932087,Ma and Kwan (2026) local author image export,restricted-local; raw image not redistributed
202212_113.9224188_22.538887600000006.png,202212_113.9224188_22.538887600000006.png,../../../dataset/202212_113.9224188_22.53888760000001.png,113.9224188,22.538887600000006,Ma and Kwan (2026) local author image export,restricted-local; raw image not redistributed
202212_113.9239898_22.504820799999997.png,202212_113.9239898_22.504820799999997.png,../../../dataset/202212_113.9239898_22.5048208.png,113.9239898,22.504820799999997,Ma and Kwan (2026) local author image export,restricted-local; raw image not redistributed
202212_113.9270181_22.5401367.png,202212_113.9270181_22.5401367.png,../../../dataset/202212_113.9270181_22.5401367.png,113.9270181,22.5401367,Ma and Kwan (2026) local author image export,restricted-local; raw image not redistributed
202212_113.9281393_22.7900159.png,202212_113.9281393_22.7900159.png,../../../dataset/202212_113.9281393_22.7900159.png,113.9281393,22.7900159,Ma and Kwan (2026) local author image export,restricted-local; raw image not redistributed
202212_113.9303129_22.7637627.png,202212_113.9303129_22.7637627.png,../../../dataset/202212_113.9303129_22.7637627.png,113.9303129,22.7637627,Ma and Kwan (2026) local author image export,restricted-local; raw image not redistributed
202212_113.93087370000002_22.545790199999995.png,202212_113.93087370000002_22.545790199999995.png,../../../dataset/202212_113.93087370000002_22.545790199999995.png,113.93087370000002,22.545790199999995,Ma and Kwan (2026) local author image export,restricted-local; raw image not redistributed
202212_113.931886_22.7478105.png,202212_113.931886_22.7478105.png,../../../dataset/202212_113.931886_22.7478105.png,113.931886,22.7478105,Ma and Kwan (2026) local author image export,restricted-local; raw image not redistributed
202212_113.9340142_22.516298099999997.png,202212_113.9340142_22.516298099999997.png,../../../dataset/202212_113.9340142_22.5162981.png,113.9340142,22.516298099999997,Ma and Kwan (2026) local author image export,restricted-local; raw image not redistributed
202212_113.9356375_22.5753551.png,202212_113.9356375_22.5753551.png,../../../dataset/202212_113.9356375_22.5753551.png,113.9356375,22.5753551,Ma and Kwan (2026) local author image export,restricted-local; raw image not redistributed
202212_113.93686530000001_22.496623499999995.png,202212_113.93686530000001_22.496623499999995.png,../../../dataset/202212_113.9368653_22.496623499999995.png,113.93686530000001,22.496623499999995,Ma and Kwan (2026) local author image export,restricted-local; raw image not redistributed
202212_113.9384694_22.50815679999999.png,202212_113.9384694_22.50815679999999.png,../../../dataset/202212_113.9384694_22.50815679999999.png,113.9384694,22.50815679999999,Ma and Kwan (2026) local author image export,restricted-local; raw image not redistributed
202212_113.9402644_22.519026199999995.png,202212_113.9402644_22.519026199999995.png,../../../dataset/202212_113.9402644_22.519026199999995.png,113.9402644,22.519026199999995,Ma and Kwan (2026) local author image export,restricted-local; raw image not redistributed
202212_113.9436688_22.539266799999996.png,202212_113.9436688_22.539266799999996.png,../../../dataset/202212_113.9436688_22.5392668.png,113.9436688,22.539266799999996,Ma and Kwan (2026) local author image export,restricted-local; raw image not redistributed
202212_113.9450831_22.532614599999995.png,202212_113.9450831_22.532614599999995.png,../../../dataset/202212_113.9450831_22.532614599999995.png,113.9450831,22.532614599999995,Ma and Kwan (2026) local author image export,restricted-local; raw image not redistributed
202212_113.94629651068989_22.542967760048658.png,202212_113.94629651068989_22.542967760048658.png,../../../dataset/202212_113.94629651068988_22.542967760048658.png,113.94629651068989,22.542967760048658,Ma and Kwan (2026) local author image export,restricted-local; raw image not redistributed
202212_113.9494489_22.5835412.png,202212_113.9494489_22.5835412.png,../../../dataset/202212_113.9494489_22.5835412.png,113.9494489,22.5835412,Ma and Kwan (2026) local author image export,restricted-local; raw image not redistributed
202212_113.95960670000001_22.543149499999995.png,202212_113.95960670000001_22.543149499999995.png,../../../dataset/202212_113.9596067_22.543149499999995.png,113.95960670000001,22.543149499999995,Ma and Kwan (2026) local author image export,restricted-local; raw image not redistributed
202212_113.9694544_22.528250199999995.png,202212_113.9694544_22.528250199999995.png,../../../dataset/202212_113.9694544_22.528250199999995.png,113.9694544,22.528250199999995,Ma and Kwan (2026) local author image export,restricted-local; raw image not redistributed
202212_113.9776265_22.5282479.png,202212_113.9776265_22.5282479.png,../../../dataset/202212_113.9776265_22.5282479.png,113.9776265,22.5282479,Ma and Kwan (2026) local author image export,restricted-local; raw image not redistributed
202212_113.9847278_22.5463916.png,202212_113.9847278_22.5463916.png,../../../dataset/202212_113.9847278_22.5463916.png,113.9847278,22.5463916,Ma and Kwan (2026) local author image export,restricted-local; raw image not redistributed
202212_113.9878482_22.594933299999997.png,202212_113.9878482_22.594933299999997.png,../../../dataset/202212_113.9878482_22.5949333.png,113.9878482,22.594933299999997,Ma and Kwan (2026) local author image export,restricted-local; raw image not redistributed
202212_113.992758_22.535601.png,202212_113.992758_22.535601.png,../../../dataset/202212_113.992758_22.535601.png,113.992758,22.535601,Ma and Kwan (2026) local author image export,restricted-local; raw image not redistributed
202212_114.0005612_22.5402458.png,202212_114.0005612_22.5402458.png,../../../dataset/202212_114.0005612_22.5402458.png,114.0005612,22.5402458,Ma and Kwan (2026) local author image export,restricted-local; raw image not redistributed
202212_114.0109223_22.545793100000004.png,202212_114.0109223_22.545793100000004.png,../../../dataset/202212_114.0109223_22.545793100000004.png,114.0109223,22.545793100000004,Ma and Kwan (2026) local author image export,restricted-local; raw image not redistributed
202212_114.0250293_22.545575599999992.png,202212_114.0250293_22.545575599999992.png,../../../dataset/202212_114.0250293_22.545575599999992.png,114.0250293,22.545575599999992,Ma and Kwan (2026) local author image export,restricted-local; raw image not redistributed
202212_114.0326051_22.526367499999996.png,202212_114.0326051_22.526367499999996.png,../../../dataset/202212_114.0326051_22.5263675.png,114.0326051,22.526367499999996,Ma and Kwan (2026) local author image export,restricted-local; raw image not redistributed
202212_114.048521_22.5232585.png,202212_114.048521_22.5232585.png,../../../dataset/202212_114.048521_22.5232585.png,114.048521,22.5232585,Ma and Kwan (2026) local author image export,restricted-local; raw image not redistributed
202212_114.0551493_22.518495400000003.png,202212_114.0551493_22.518495400000003.png,../../../dataset/202212_114.0551493_22.518495400000003.png,114.0551493,22.518495400000003,Ma and Kwan (2026) local author image export,restricted-local; raw image not redistributed
202212_114.05823080000002_22.540602100000005.png,202212_114.05823080000002_22.540602100000005.png,../../../dataset/202212_114.05823080000002_22.540602100000005.png,114.05823080000002,22.540602100000005,Ma and Kwan (2026) local author image export,restricted-local; raw image not redistributed
202212_114.0658167_22.534223299999994.png,202212_114.0658167_22.534223299999994.png,../../../dataset/202212_114.0658167_22.5342233.png,114.0658167,22.534223299999994,Ma and Kwan (2026) local author image export,restricted-local; raw image not redistributed
202212_114.0770361_22.5528905.png,202212_114.0770361_22.5528905.png,../../../dataset/202212_114.0770361_22.5528905.png,114.0770361,22.5528905,Ma and Kwan (2026) local author image export,restricted-local; raw image not redistributed
202212_114.0864988_22.5573059.png,202212_114.0864988_22.5573059.png,../../../dataset/202212_114.0864988_22.5573059.png,114.0864988,22.5573059,Ma and Kwan (2026) local author image export,restricted-local; raw image not redistributed
202212_114.0908997_22.5583526.png,202212_114.0908997_22.5583526.png,../../../dataset/202212_114.0908997_22.5583526.png,114.0908997,22.5583526,Ma and Kwan (2026) local author image export,restricted-local; raw image not redistributed
202212_114.0910387431752_22.549649716591308.png,202212_114.0910387431752_22.549649716591308.png,../../../dataset/202212_114.0910387431752_22.549649716591308.png,114.0910387431752,22.549649716591308,Ma and Kwan (2026) local author image export,restricted-local; raw image not redistributed
202212_114.1040977_22.558683299999995.png,202212_114.1040977_22.558683299999995.png,../../../dataset/202212_114.1040977_22.558683299999995.png,114.1040977,22.558683299999995,Ma and Kwan (2026) local author image export,restricted-local; raw image not redistributed
202212_114.1136781_22.5459787.png,202212_114.1136781_22.5459787.png,../../../dataset/202212_114.1136781_22.5459787.png,114.1136781,22.5459787,Ma and Kwan (2026) local author image export,restricted-local; raw image not redistributed
202212_114.12220825245038_22.563703360607565.png,202212_114.12220825245038_22.563703360607565.png,../../../dataset/202212_114.12220825245038_22.563703360607565.png,114.12220825245038,22.563703360607565,Ma and Kwan (2026) local author image export,restricted-local; raw image not redistributed
202212_114.1282478_22.556577899999997.png,202212_114.1282478_22.556577899999997.png,../../../dataset/202212_114.1282478_22.5565779.png,114.1282478,22.556577899999997,Ma and Kwan (2026) local author image export,restricted-local; raw image not redistributed
202212_114.2485962_22.597206699999997.png,202212_114.2485962_22.597206699999997.png,../../../dataset/202212_114.2485962_22.5972067.png,114.2485962,22.597206699999997,Ma and Kwan (2026) local author image export,restricted-local; raw image not redistributed
202212_114.2643742_22.586968899999995.png,202212_114.2643742_22.586968899999995.png,../../../dataset/202212_114.2643742_22.586968899999995.png,114.2643742,22.586968899999995,Ma and Kwan (2026) local author image export,restricted-local; raw image not redistributed
